PubMed,mutation_id,domain,Codon_number,Description,c_description,g_description,WT_codon,Mutant_codon,WT_AA,Mutant_AA,ProtDescription,Sample_source,Tumor_origin,Morphology,Histological Grade,Stage,TNM,p53_IHC,LOH,HER2(c-erbB-2),ER status,PR status,Tumor subtype,Histology,Country (Age),OS(months),OS(event),RFS(months),RFS(event),coments,comments2
11289122,GEI01-92,L2,168,A>C,c.503A>C,NC_000017.9:g.7519152T>G,CAC,CCC,His,Pro,p.H168P,biopsy,primary,"Carcinoma, NOS",grade 3,IV,T3N2M1,positive,Yes,2 moderate,+,,ERBB2,Ductal,Norway (64),29.4,EVENT,0,EVENT,locally advanced breast cancer,
11289122,GEI01-80,L2,175,G>A,c.524G>A,NC_000017.9:g.7519131C>T,CGC,CAC,Arg,His,p.R175H,biopsy,primary,"Carcinoma, NOS",grade 2,IIIA,T3N2M0,positive,Yes,3 strong,-,,unclassified,Ductal,Norway (58),11.3,EVENT,8.7,EVENT,locally advanced breast cancer,
11289122,GEI01-75,L3,244,G>A,c.730G>A,NC_000017.9:g.7518276C>T,GGC,AGC,Gly,Ser,p.G244S,biopsy,primary,"Carcinoma, NOS",grade 1,IV,T3N0M1,positive,not determined,2 moderate,-,,Lumi A,Ductal,Norway (56),40.2,EVENT,0,EVENT,locally advanced breast cancer,
11289122,GEI01-39,L3,237,G>T,c.711G>T,NC_000017.9:g.7518295C>A,ATG,ATT,Met,Ile,p.M237I,biopsy,primary,"Carcinoma, NOS",grade 2,IIB,T3N0M0,positive,Yes,0 negative,+,,Lumi A,Ductal,Norway (85),66.8,STOP,66.8,STOP,locally advanced breast cancer,
11289122,GEI01-19,L3,249,,,NC_000017.9:g.7518295C>A,AGG,GGG,,,,,,,grade 3,IIIB,T4N1M0,positive,Yes,0 negative,+,,Lumi B,Ductal,Norway (74),20,EVENT,0,EVENT,locally advanced breast cancer,
11289122,GEI01-57,L3,248,,,NC_000017.9:g.7519162G>A,CGG,CAG,,,,,,,grade 3,IIIB,T4N2M0,positive,not determined,3 strong,-,,ERBB2,Ductal,Norway (46),9.5,EVENT,0,EVENT,locally advanced breast cancer,
11289122,GEI01-37,L2,176,,,NC_000017.9:g.7519152T>G,TGC,TTC,,,,,,,grade 3,IIIA,T3N1M0,positive,Yes,0 negative,-,,Lumi B,Ductal,Norway (37),22,EVENT,12.1,EVENT,locally advanced breast cancer,
11289122,GEI01-55,L2,190,,,NC_000017.9:g.7519131C>T,CCT,CTT,,,,,,,grade 2,IIIB,T4N1M0,0 nagative,No,2 moderate,+,,ERBB2,Ductal,Norway (71),16.5,EVENT,10.5,EVENT,locally advanced breast cancer,
11289122,GEI01-15,L2,163,,,NC_000017.9:g.7518276C>T,TAC,TGC,,,,,,,grade 3,IIIA,T3N1M0,positive,Yes,0 negative,+,,Lumi B,Ductal,Norway(47),79.1,STOP,79.1,STOP,locally advanced breast cancer,
14654539,GEI03-FU23,L2,195,T>C,c.584T>C,NC_000017.9:g.7518990A>G,ATC,ACC,Ile,Thr,p.I195T,surgery,primary,"Cancer, NOS",grade 3,III,T3N0M0,,Yes,,+,,Basal-like,?,Norway (65),41,STOP,41,STOP,locally advanced breast cancer,III(論文にはIIIとあるがTNMからはIIB)
14654539,GEI03-FU05,L2,195,T>C,c.584T>C,NC_000017.9:g.7518990A>G,ATC,ACC,Ile,Thr,p.I195T,surgery,primary,"Cancer, NOS",grade 3,IIIB,T4N2M0,,Yes,,-,,Lumi B,Ductal,Norway (51),52,STOP,40,EVENT,locally advanced breast cancer,
14654539,GEI03-FU18,L3,244,G>A,c.730G>A,NC_000017.9:g.7518276C>T,GGC,AGC,Gly,Ser,p.G244S,surgery,primary,"Cancer, NOS",grade 3,IV,T2N2M1,,not done,,+,,ERBB2,Ductal,Norway (38),3,EVENT,0,EVENT,locally advanced breast cancer,
18725978,CHR08-Epi153,L2,175,G>A,c.524G>A,NC_000017.9:g.7519131C>T,CGC,CAC,Arg,His,p.R175H,biopsy,primary,"Carcinoma, NOS",,IIB,T3N0M0,,Yes,,-,-,,,Norway (54),56,STOP,56,STOP,locally advanced non-inflammatory breast cancer,
18725978,CHR08-Epi071,L2,175,G>A,c.524G>A,NC_000017.9:g.7519131C>T,CGC,CAC,Arg,His,p.R175H,biopsy,primary,"Carcinoma, NOS",,IIB,T3N0M0,,Yes,,-,-,,,Norway (46),72,STOP,72,STOP,locally advanced non-inflammatory breast cancer,
18725978,CHR08-Epi087,L2,175,G>A,c.524G>A,NC_000017.9:g.7519131C>T,CGC,CAC,Arg,His,p.R175H,biopsy,primary,"Carcinoma, NOS",,IIIA,T3N1M0,,Yes,,+,+,,,Norway (47,56,STOP,56,STOP,locally advanced non-inflammatory breast cancer,
18725978,CHR08-Epi063,L2,175,G>A,c.524G>A,NC_000017.9:g.7519131C>T,CGC,CAC,Arg,His,p.R175H,biopsy,primary,"Carcinoma, NOS",,IIIA,T3N2M0,,not informative,,-,-,,,Norway (67,66,STOP,15,STOP,locally advanced non-inflammatory breast cancer,
18725978,CHR08-Epi203,L2,175,G>A,c.524G>A,NC_000017.9:g.7519131C>T,CGC,CAC,Arg,His,p.R175H,biopsy,primary,"Carcinoma, NOS",,IV,T3N1M1,,Yes,,-,-,,,Norway (41,9,EVENT,,EVENT,locally advanced non-inflammatory breast cancer,
18725978,CHR08-Epi214,L2,193,A>T,c.578A>T,NC_000017.9:g.7518996T>A,CAT,CTT,His,Leu,p.H193L,biopsy,primary,"Carcinoma, NOS",,IIIA,T3N1M0,,Yes,,-,-,,,Norway (68,27,STOP,27,STOP,locally advanced non-inflammatory breast cancer,
18725978,CHR08-Epi220,L2,163,A>G,c.488A>G,NC_000017.9:g.7519167T>C,TAC,TGC,Tyr,Cys,p.Y163C,biopsy,primary,"Carcinoma, NOS",,IIB,T3N0M0,,not done,,-,-,,,Norway (56,44,STOP,44,STOP,locally advanced non-inflammatory breast cancer,
18725978,CHR08-Epi196,L3,248,G>A,c.743G>A,NC_000017.9:g.7518263C>T,CGG,CAG,Arg,Gln,p.R248Q,biopsy,primary,"Carcinoma, NOS",,IIIB,T4N1M0,,not informative,,+,+,,,Norway (55,48,STOP,48,STOP,locally advanced non-inflammatory breast cancer,
18725978,CHR08-Epi194,L3,244,G>A,c.731G>A,NC_000017.9:g.7518275C>T,GGC,GAC,Gly,Asp,p.G244D,biopsy,primary,"Carcinoma, NOS",,IIIA,T3N1M0,,not done,,+,-,,,Norway (41,30,EVENT,0,EVENT,locally advanced non-inflammatory breast cancer,
17504517,LAN07-ULL-057,L2,163,A>G,c.488A>G,NC_000017.9:g.7519167T>C,TAC,TGC,Tyr,Cys,p.Y163C,surgery,primary,"Carcinoma, NOS",grade 2,IIA?IIB?IIIA?,T2M0,,unknown,,-,+,Basal-like,Ductal,Norway (47,7.7,EVENT,7.3,EVENT,Invasive Ductal Carcinoma,
17504517,LAN07-ULL-202,L2,163,T>C,c.487T>C,NC_000017.9:g.7519168A>G,TAC,CAC,Tyr,His,p.Y163H,surgery,primary,"Carcinoma, NOS",grade 2,IIIB,T4N1M0,,unknown,-,-,-,Basal-like,Ductal,Norway (72,10.9,EVENT,3.7,EVENT,Invasive Ductal Carcinoma,
17504517,LAN07-ULL-069,L2,193,A>T,c.578A>T,NC_000017.9:g.7518996T>A,CAT,CTT,His,Leu,p.H193L,surgery,primary,"Carcinoma, NOS",grade 2,IIA,T2N0M0,,unknown,-,-,+,Basal-like,Lobular,Norway (56,20.1,EVENT,5.5,EVENT,Invasive Lobular Carcinoma,
17504517,LAN07-ULL-056,L3,249,G>T,c.746G>T,NC_000017.9:g.7518260C>A,AGG,ATG,Arg,Met,p.R249M,surgery,primary,"Carcinoma, NOS",grade 3,IIA?IIB?IIIA?,T2N0M0,,unknown,-,-,+,ERBB2,Ductal,Norway (76,16.1,EVENT,12.1,EVENT,Invasive Ductal Carcioma,
17504517,ULL-099,L2,173,G>C,,,GTG,CTG,Val,Leu,,,,,grade 3,IIB?IIIA?,T2NpositiveM0,,Yes (positive),,-,+,Basal-like,Lobular,(55.1,110.8,EVENT,110.8,EVENT,Invasive Lobular Carcinoma,
17504517,ULL-167,L3,251,T>G,,,ATC,AGC,Ile,Ser,,,,,grade 3,IIB?IIIA?,T2NpositiveM0,,unknown,,-,-,Basal-like,Ductal,(74.8,10.1,EVENT,10.1,EVENT,Invasive Ductal Carcinoma,
17504517,ULL-007,L2,195,T>C,,,ATC,ACC,Ile,Thr,,,,,grade 2,I?IIA?IIIA?,T1N?M0,,Yes,,+,+,ERBB2,Ductal,(86.9,50.5,EVENT,27.7,EVENT,Invasive Ductal Carcioma,
17388661,BER07-P31,L2,193,A>G,c.578A>G,NC_000017.9:g.7518996T>C,CAT,CGT,His,Arg,p.H193R,biopsy,primary,"Cancer, NOS",grade 3,IIIA,T3N1bM0,,,positive,+,,,,France,57,STOP,57,STOP,Basal KRT(cytokeratin negative),
17388661,BER07-P78,L2,190,C>T,c.568C>T,NC_000017.9:g.7519006G>A,CCT,TCT,Pro,Ser,p.P190S,biopsy,primary,"Cancer, NOS",grade 3,IIIA,T3N1M0,,,positive,-,,Basal-like,,France,58,STOP,58,STOP,Basal KRT(cytokeratin positive),
17388661,BER07-P3,L2,175,G>A,c.524G>A,NC_000017.9:g.7519131C>T,CGC,CAC,Arg,His,p.R175H,biopsy,primary,"Cancer, NOS",grade 3,IIIA,T3N1M0,,,negative,+,,Basal-like,,France,40,STOP,40,STOP,Basal KRT(cytokeratin positive),
17388661,BER07-P67,L2,175,G>A,c.524G>A,NC_000017.9:g.7519131C>T,CGC,CAC,Arg,His,p.R175H,biopsy,primary,"Cancer, NOS",grade 3,IV,T2N2M1,,,negative,-,,Basal-like,,France,36,STOP,0,EVENT,Basal KRT(cytokeratin positive),
17388661,BER07-P37,L2,175,G>A,c.524G>A,NC_000017.9:g.7519131C>T,CGC,CAC,Arg,His,p.R175H,biopsy,primary,"Cancer, NOS",grade 3,IIIB,T4N1bM0,,,positive,-,,,,France,42,STOP,42,STOP,Basal KRT(cytokeratin negative),
17388661,BER07-P15,L3,248,G>A,c.743G>A,NC_000017.9:g.7518263C>T,CGG,CAG,Arg,Gln,p.R248Q,biopsy,primary,"Cancer, NOS",grade 3,IIIB,T4bN0M0,,,negative,+,,,,France,45,STOP,45,STOP,Basal KRT(cytokeratin negative),
17388661,BER07-P50,L3,248,G>A,c.743G>A,NC_000017.9:g.7518263C>T,CGG,CAG,Arg,Gln,p.R248Q,biopsy,primary,"Cancer, NOS",grade 3,IIIA,T2N2M0,,,positive,-,,Basal-like,,France,44,STOP,13,EVENT,Basal KRT(cytokeratin positive),
17388661,BER07-P55,L3,248,C>T,c.742C>T,NC_000017.9:g.7518264G>A,CGG,TGG,Arg,Trp,p.R248W,biopsy,primary,"Cancer, NOS",grade 3,IIB,T3N0M0,,,positive,+,,,,France,27,EVENT,3,EVENT,Basal KRT(cytokeratin negative),
17388661,BER07-P42,L3,241,C>T,c.722C>T,NC_000017.9:g.7518284G>A,TCC,TTC,Ser,Phe,p.S241F,biopsy,primary,"Cancer, NOS",grade 3,IIIA,T3N1M0,,,positive,+,,Basal-like,,France,45,STOP,45,STOP,Basal KRT(cytokeratin positive),
17388661,BER07-P77,L3,239,A>G,c.715A>G,NC_000017.9:g.7518291T>C,AAC,GAC,Asn,Asp,p.N239D,biopsy,primary,"Cancer, NOS",grade 3,IIA,T2N0M0,,,negative,-,,Basal-like,,France,40,STOP,40,STOP,Basal KRT(cytokeratin positive),
21556366,TAX236,L2,175,,,,CGC,CAC,Arg,His,p.R175H,,,,,IIB,T3N0M0,,Yes(AI),,-,,,,,73,STOP,73,STOP,,
21556366,TAX099,L3,248,,,,CGG,CAG,Arg,Gln,p.R248Q,,,,,IIIB,T4N0M0,,Yes(AI),,-,,,,,51,EVENT,12,EVENT,,
21556366,TAX083,L3,248,,,,CGG,TGG,Arg,Trp,p.R248W,,,,,IIIA,T3N1M0,,No,,+,,,,,51,EVENT,32,EVENT,,
21556366,TAX127,L2,163,,c.488A->G,,TAC,TGC,Tyr,Cys,p.Y163C,,,,,IIIA,T3N1M0,,No,,+,,,,,30,EVENT,26,EVENT,,
21556366,TAX260,L2,163,,c.488A->G,,TAC,TGC,Tyr,Cys,p.Y163C,,,,,IIIA,T3N1M0,,Yes(AI),,-,,,,,14,EVENT,12,EVENT,,
21556366,TAX219,L2,195,,c.584T->C,,ATC,ACC,Ile,Thr,p.I195T,,,,,IIIA,T3N2M0,,Yes(AI),,-,,,,,18,EVENT,18,EVENT,,
21556366,TAX231,L3,244,,c.731G->A,,GGC,GAC,Gly,Asp,p.G244D,,,,,IIIA,T3N1M0,,No,,-,,,,,73,STOP,73,STOP,,
21556366,TAX028,L3,238,,c.713G->T,,TGT,TTT,Cys,Phe,p.C238F,,,,,IIIB,T4N0M0,,Yes(AI),,+,,,,,130,STOP,130,STOP,,
21556366,TAX106,L3,241,,c.722C->G,,TCC,TGC,Ser,Cys,p.S241C,,,,,IIB,T3N0M0,,No,,+,,,,,97,STOP,97,STOP,,
21556366,TAX053,L2,163,,c.487T->C,,TAC,CAC,Tyr,His,p.Y163H,,,,,IV,T3N1M1,,Yes(AI),,-,,,,,13,EVENT,0,EVENT,,
21556366,TAX012,L2,173,,c.517G->C,,GTG,CTG,Val,Leu,p.V173L,,,,,IIIA,T3N1M0,,Yes(AI),,-,,,,,22,EVENT,21,EVENT,,
10719737,MT00-76,L2,181,G>C,c.542G>C,NC_000017.9:g.7519113C>G,CGC,CCC,Arg,Pro,p.R181P,surgery,primary,"Carcinoma, NOS",,,,,,,-,,,,Japan (36,20,STOP,20,STOP,,
10719737,MT00-62,L2,163,A>G,c.488A>G,NC_000017.9:g.7519167T>C,TAC,TGC,Tyr,Cys,p.Y163C,surgery,primary,"Carcinoma, NOS",,,,,,,-,,,,Japan (58,49,STOP,49,STOP,,
10719737,MT00-72,L2,175,G>A,c.524G>A,NC_000017.9:g.7519131C>T,CGC,CAC,Arg,His,p.R175H,surgery,primary,"Carcinoma, NOS",,,,,,,-,,,,Japan (45,30,STOP,6,EVENT,,
10719737,MT00-1,L3,248,G>A,c.743G>A,NC_000017.9:g.7518263C>T,CGG,CAG,Arg,Gln,p.R248Q,surgery,primary,"Carcinoma, NOS",,,,,,,-,,,,Japan (44,18,EVENT,3,EVENT,,
10719737,MT00-56,L3,246,T>G,c.737T>G,NC_000017.9:g.7518269A>C,ATG,AGG,Met,Arg,p.M246R,surgery,primary,"Carcinoma, NOS",,,,,,,-,,,,Japan (62,45,STOP,45,STOP,,
9569050,EB98-9,L2,175,G>A,c.524G>A,NC_000017.9:g.7519131C>T,CGC,CAC,Arg,His,p.R175H,surgery,primary,,,IIB,T2N1,,,,,,,,The Netherlands (40,,,13,EVENT,,
9569050,EB98-10,L2,175,G>A,c.524G>A,NC_000017.9:g.7519131C>T,CGC,CAC,Arg,His,p.R175H,surgery,primary,,,IIA,T2N0,,,,,,,,The Netherlands (68,,,72,STOP,,
9569050,EB98-7,L2,163,A>G,c.488A>G,NC_000017.9:g.7519167T>C,TAC,TGC,Tyr,Cys,p.Y163C,surgery,primary,,,IIB,T2N1,,,,,,,,The Netherlands (73,,,17,EVENT,,
9569050,EB98-8,L2,173,T>C,c.518T>C,NC_000017.9:g.7519137A>G,GTG,GCG,Val,Ala,p.V173A,surgery,primary,,,IIA,T1N1,,,,,,,,The Netherlands (62,,,100,STOP,,
9569050,EB98-11,L2,176,G>A,c.527G>A,NC_000017.9:g.7519128C>T,TGC,TAC,Cys,Tyr,p.C176Y,surgery,primary,,,IIA,T1N1,,,,,,,,The Netherlands (50,,,60,EVENT,,
9569050,EB98-12,L2,180,A>G,c.539A>G,NC_000017.9:g.7519116T>C,GAG,GGG,Glu,Gly,p.E180G,surgery,primary,,,IIA,T1N1,,,,,,,,The Netherlands (55,,,17,EVENT,,
9569050,EB98-45,L2,196,C>T,c.586C>T,NC_000017.9:g.7518988G>A,CGA,TGA,Arg,STOP,p.R196*,surgery,primary,,,I,T1N0,,,,,,,,The Netherlands (38,,,26,EVENT,,
9569050,EB98-28,L3,248,G>A,c.743G>A,NC_000017.9:g.7518263C>T,CGG,CAG,Arg,Gln,p.R248Q,surgery,primary,,,IIIA,T3N1,,,,,,,,The Netherlands (72,,,4,EVENT,,
9569050,EB98-29,L3,248,G>A,c.743G>A,NC_000017.9:g.7518263C>T,CGG,CAG,Arg,Gln,p.R248Q,surgery,primary,,,IIB,T2N1,,,,,,,,The Netherlands (58,,,6,EVENT,,
9569050,EB98-30,L3,248,G>A,c.743G>A,NC_000017.9:g.7518263C>T,CGG,CAG,Arg,Gln,p.R248Q,surgery,primary,,,IIB,T3N0,,,,,,,,The Netherlands (70,,,12,EVENT,,
9569050,EB98-31,L3,248,G>A,c.743G>A,NC_000017.9:g.7518263C>T,CGG,CAG,Arg,Gln,p.R248Q,surgery,primary,,,IIA,T1N1,,,,,,,,The Netherlands (75,3,EVENT,,,,
9569050,EB98-32,L3,248,C>T,c.742C>T,NC_000017.9:g.7518264G>A,CGG,TGG,Arg,Trp,p.R248W,surgery,primary,,,IIA,T2N0,,,,,,,,The Netherlands (51,,,46,EVENT,,
9569050,EB98-33,L3,248,C>T,c.742C>T,NC_000017.9:g.7518264G>A,CGG,TGG,Arg,Trp,p.R248W,surgery,primary,,,IIB,T3N0,,,,,,,,The Netherlands (57,,,141,STOP,,
9569050,EB98-53,L3,244,C>G,c.732C>G,NC_000017.9:g.7518274G>C,GGC,GGG,Gly,Gly,p.G244G,surgery,primary,,,IIA,T2N0,,,,,,,,The Netherlands (53,,,11,EVENT,,
9569050,EB98-26,L3,245,G>A,c.733G>A,NC_000017.9:g.7518273C>T,GGC,AGC,Gly,Ser,p.G245S,surgery,primary,,,IIIA,T3N1,,,,,,,,The Netherlands (47,,,18,EVENT,,
9569050,EB98-24,L3,245,G>A,c.733G>A,NC_000017.9:g.7518273C>T,GGC,AGC,Gly,Ser,p.G245S,surgery,primary,,,IIIA,T3N1,,,,,,,,The Netherlands (50,,,14,EVENT,,
9569050,EB98-25,L3,245,G>A,c.733G>A,NC_000017.9:g.7518273C>T,GGC,AGC,Gly,Ser,p.G245S,surgery,primary,,,IIIB,T4N1,,,,,,,,The Netherlands (77,,,15,EVENT,,
9569050,EB98-27,L3,246,A>G,c.736A>G,NC_000017.9:g.7518270T>C,ATG,GTG,Met,Val,p.M246V,surgery,primary,,,I,T1N0,,,,,,,,The Netherlands (52,,,113,STOP,,
9569050,EB98-23,L3,244,G>A,c.730G>A,NC_000017.9:g.7518276C>T,GGC,AGC,Gly,Ser,p.G244S,surgery,primary,,,IIB,T2N1,,,,,,,,The Netherlands (74,,,32,EVENT,,
9569050,EB98-22,L3,238,G>A,c.713G>A,NC_000017.9:g.7518293C>T,TGT,TAT,Cys,Tyr,p.C238Y,surgery,primary,,,IIA,T1N1,,,,,,,,The Netherlands (44,,,111,EVENT,,
9569050,EB98-21,L3,238,T>A,c.712T>A,NC_000017.9:g.7518294A>T,TGT,AGT,Cys,Ser,p.C238S,surgery,primary,,,IIA,T2N0,,,,,,,,The Netherlands (62,,,30,EVENT,,
9569050,EB98-20,L3,236,A>G,c.707A>G,NC_000017.9:g.7518299T>C,TAC,TGC,Tyr,Cys,p.Y236C,surgery,primary,,,IIA?IIB?IIIA?IIIC,T2Nx,,,,,,,,The Netherlands (72,,,26,EVENT,,
17054774,FU30,L2,163,,,,TAC,TGC,Tyr,Cys,,,,,grade 3,IIIA,T3N2M0,,,,-,,ERBB2,,Norway (40),12,EVENT,8,EVENT,,
16141321,X102B06,L2,193,,,,CAT,CTT,His,Leu,,,primary,,grade 3 (Elston),IIA,T2N0,,,,+,+,,,51,,,142,STOP,DSS,
16141321,X110B34,L3,248,,,,CGG,CAG,Arg,Gln,,,primary,,grade 2 (Elston),I,T1N0,,,,+,+,,,74,,,140,STOP,DSS,
16141321,X137B88,L2,181,,,,CGC,CAC,Arg,His,,,primary,,grade 2 (Elston),I,T1N0,,,,-,-,,,68,,,138,STOP,DSS,
16141321,X144B49,L2,193,,,,CAT,CGT,His,Arg,,,primary,,grade 2 (Elston),IIA,T2N0,,,,+,+,,,40,,,138,STOP,DSS,
16141321,X164B81,L3,246,,,,ATG,ACG,Met,Thr,,,primary,,grade 2 (Elston),IIA,T2N0,,,,-,-,,,62,,,136,STOP,DSS,
16141321,X187B36,L3,237,,,,ATG,ATA,Met,Ile,,,primary,,grade 2 (Elston),IIB?IIIA?IIIC,T2N+,,,,+,+,,,29,,,0,EVENT,,
16141321,X208C06,L2,173,,,,GTG,ATG,Val,Met,,,primary,,grade 2 (Elston),IIA?IIB?IIIA?IIIC,T2N?,,,,+,+,,,67,,,1,STOP,DSS,
16141321,X213C36,L3,236,,,,TAC,TGC,Tyr,Cys,,,primary,,grade 2 (Elston),I,T1N0,,,,+,+,,,70,,,121,STOP,DSS,
16141321,X250C78,L2,179,,,,CAT,CAA,His,Gln,,,primary,,grade 3 (Elston),I,T1N0,,,,-,-,,,75,,,32,STOP,DSS,
16141321,X268C87,L3,248,,,,CGG,CGT,Arg,Gln,,,primary,,grade 2 (Elston),I,T1N0,,,,+,+,,,32,,,124,STOP,DSS,
16141321,X301C66,L3,248,,,,CGG,TGG,Arg,Trp,,,primary,,grade 2 (Elston),IIA,T2N0,,,,+,+,,,74,,,119,STOP,DSS,
16141321,X313A87,L3,248,,,,CGG,CAG,Arg,Gln,,,primary,,grade 3 (Elston),IIB?IIIA?IIIC,T2N+,,,,+,-,,,65,,,122,STOP,DSS,
16141321,X50A91,L2,193,,,,CAT,CGT,His,Arg,,,primary,,grade 2 (Elston),IIB?IIIA?IIIC,T2N+,,,,+,-,,,47,,,115,EVENT,DSS,
16141321,X5B97,L3,249,,,,AGG,AGT,Arg,Ser,,,primary,,grade 2 (Elston),IIA,T2N0,,,,+,+,,,37,,,66,EVENT,DSS,
16141321,X62A02,L2,175,,,,CGC,CAC,Arg,His,,,primary,,grade 3 (Elston),IIA,T2N0,,,,-,-,,,77,,,4,EVENT,DSS,
23000897,TCGA-A7-A0CJ,L2,175,,,,CGC,CAC,Arg,His,,,,,,IIA,T2N0M0,,,-,+,+,Lumi B,,57,13.4,STOP,,,,
23000897,TCGA-A7-A0DA,L2,195,,,,ATC,ACC,Ile,Thr,,,,,,IIA,T2N0M0,,,-,-,-,Basal-like,,82,12.3,STOP,,,,
23000897,TCGA-A8-A069,L3,238,,,,TGT,TAT,Cys,Tyr,,,,,,IIIA,T3N2M0,,,-,+,+,Lumi B,,63,1,STOP,,,,
23000897,TCGA-A8-A07R,L3,248,,,,CGG,TGG,Arg,Trp,,,,,,IIIC,T2N3M0,,,,-,-,Basal-like,,80,9,STOP,,,BRCA2 FS,
23000897,TCGA-A8-A07W,L2,179,,,,CAT,CGT,His,Arg,,,,,,IV,T2N0M1,,,-,+,+,Lumi B,,76,10,STOP,,,,
23000897,TCGA-A8-A08I,L2,163,,,,TAC,TGC,Tyr,Cys,,,,,,IIA,T2N0M0,,,-,+,+,Lumi B,,53,12,STOP,,,,
23000897,TCGA-A8-A08X,L2,176,,,,TGC,TTC,Cys,Phe,,,,,,IIIC,T4N3M0,,,+,-,-,ERBB2,,43,34,STOP,,,,
23000897,TCGA-A8-A092,L3,238,,,,TGT,TAT,Cys,Tyr,,,,,,IIIA,T2N2M0,,,-,+,+,ERBB2,,48,17,STOP,,,,
23000897,TCGA-A8-A09N,L2,193,,,,CAT,CGT,His,Arg,,,,,,IIIC,T2N3M0,,,+,+,+,Lumi B,,57,1,STOP,,,,
23000897,TCGA-A8-A09X,L3,246,,,,ATG,ATA,Met,Ile,,,,,,IIIC,T2N3M0,,,-,-,-,ERBB2,,62,14,STOP,,,,
23000897,TCGA-AN-A04C,L2,179,,,,CAT,CGT,His,Arg,,,,,,IIB,T2N1M0,,,+,-,-,ERBB2,,51,1.8,STOP,,,,
23000897,TCGA-AN-A0AK,L2,175,,,,CGC,CAC,Arg,His,,,,,,IIIB,T4N0M0,,,-,-,-,Basal-like,,41,6.5,STOP,,,,
23000897,TCGA-AN-A0AR,L2,171,,,,GAG,GAC,Glu,Asp,,,,,,IIA,T2N0M0,,,-,-,-,Basal-like,,55,0.3,STOP,,,,
23000897,TCGA-AN-A0FT,L2,193,,,,CAT,CGT,His,Arg,,,,,,IIB,T2N1M0,,,+,+,+,Lumi A,,63,6,STOP,,,,
23000897,TCGA-AN-A0FY,L2,173,,,,GTG,ATG,Val,Met,,,,,,I,T1N0M0,,,-,+,+,Lumi B,,55,0.3,STOP,,,,
23000897,TCGA-AO-A030,L2,175,,,,CGC,CAC,Arg,His,,,,,,IIA,T2N0M0,,,-,+,+,Lumi B,,69,81.7,EVENT,,,,
23000897,TCGA-AO-A03V,L3,245,,,,GGC,GAC,Gly,Asp,,,,,,I,T1N0M0,,,-,+,+,Lumi A,,41,29.1,EVENT,,,BRCA2 FS,
23000897,TCGA-AO-A0J2,L2,175,,,,CGC,CAC,Arg,His,,,,,,I,T1N0M0,,,-,-,-,ERBB2,,41,19.2,STOP,,,,
23000897,TCGA-AO-A0JD,L2,193,,,,CAT,CTT,His,Leu,,,,,,IIIA,T3N1M0,,,-,+,+,Lumi B,,59,59.6,STOP,,,,
23000897,TCGA-AO-A129,L2,175,,,,CGC,CAC,Arg,His,,,,,,IIB,T2N1M0,,,-,-,-,Basal-like,,29,97.8,STOP,,,,
23000897,TCGA-AQ-A04L,L2,193,,,,CAT,CGT,His,Arg,,,,,,IIA,T2N0M0,,,+,+,-,Lumi A,,48,110,STOP,,,,
23000897,TCGA-AR-A0U0,L2,194,,,,CTT,CGT,Leu,Arg,,,,,,IIB,T2N1M0,,,-,-,-,Basal-like,,73,0.3,STOP,,,,
23000897,TCGA-AR-A0U2,L2,176,,,,TGC,TTC,Cys,Phe,,,,,,IIIA,T2N2M0,,,-,+,+,Lumi B,,47,83.9,EVENT,,,,
23000897,TCGA-AR-A0U4,L2,193,,,,CAT,TAT,His,Tyr,,,,,,IIA,T2N0M0,,,-,-,-,Basal-like,,54,53.5,STOP,,,BRCA1 FS,
23000897,TCGA-AR-A1AS,L2,175,,,,CGC,CAC,Arg,His,,,,,,IIB,T2N1M0,,,-,+,+,Lumi A,,54,40.8,STOP,,,,
23000897,TCGA-B6-A0IK,L2,194,,,,CTT,CGT,Leu,Arg,,,,,,IIIB,T4N1M0,,,-,-,-,ERBB2,,63,18.8,EVENT,,,,
23000897,TCGA-B6-AWX,L3,248,,,,CGG,TGG,Arg,Trp,,,,,,IIIA,T3N1M0,,,-,-,-,Basal-like,,40,21.5,EVENT,,,,
23000897,TCGA-BH-A0AV,L3,248,,,,CGG,CAG,Arg,Gln,,,,,,I,T1N0M0,,,-,-,-,Basal-like,,52,38.8,STOP,,,,
23000897,TCGA-BH-A0B0,L2,175,,,,CGC,CAC,Arg,His,,,,,,I,T1N0M0,,,-,+,+,Lumi A,,56,46.9,STOP,,,,
23000897,TCGA-BH-A0BC,L3,248,,,,CGG,TGG,Arg,Trp,,,,,,IIIC,T2N3M0,,,-,+,+,Lumi A,,60,32,STOP,,,,
23000897,TCGA-BH-A0BF,L3,245,,,,GGC,AGC,Gly,Ser,,,,,,IIB,T2N1M0,,,-,+,+,Lumi B,,56,25.7,STOP,,,,
23000897,TCGA-BH-A0C3,L2,187,,,,GGT,AGT,Gly,Ser,,,,,,I,T1N0M0,,,-,+,-,Lumi B,,47,48.1,STOP,,,,
23000897,TCGA-BH-A0E0,L2,175,,,,CGC,CAC,Arg,His,,,,,,IIIC,T3N3M0,,,-,-,-,Basal-like,,38,4.4,STOP,,,,
23000897,TCGA-BH-A0EB,L2,176,,,,TGC,TTC,Cys,Phe,,,,,,I,T1N0M0,,,-,+,+,Lumi A,,69,24.5,STOP,,,,
23000897,TCGA-BH-A0GY,L2,175,,,,CGC,CAC,Arg,His,,,,,,IIB,T2N1M0,,,-,+,+,Lumi A,,67,30.4,STOP,,,,
23000897,TCGA-BH-A0H7,L3,245,,,,GGC,GAC,Gly,Asp,,,,,,IIIA,T1N2M0,,,-,+,+,Lumi A,,65,23.1,STOP,,,,
23000897,TCGA-BH-A0HY,L3,245,,,,GGC,GAC,Gly,Asp,,,,,,I,T1N0M0,,,-,+,-,Lumi B,,62,51,STOP,,,,
23000897,TCGA-BH-A0WA,L3,241,,,,TCC,TGC,Ser,Cys,,,,,,I,T1N0M0,,,-,-,-,Basal-like,,82,12.2,STOP,,,BRCA1 Splice site,
23000897,TCGA-C8-A1HM,L2,194,,,,CTT,CCT,Leu,Pro,,,,,,IIA,T2N0M0,,,-,+,+,Lumi B,,74,0.2,STOP,,,,
23000897,TCGA-E2-A109,L3,248,,,,CGG,CAG,Arg,Gln,,,,,,IIA,T2N0M0,,,-,+,-,Lumi B,,64,46.6,STOP,,,,
23000897,TCGA-E2-A14R,L2,195,,,,ATC,ACC,Ile,Thr,,,,,,IIA,T2N0M0,,,-,-,-,Basal-like,,62,27.8,STOP,,,,
23000897,TCGA-E2-A158,L2,195,,,,ATC,ACC,Ile,Thr,,,,,,IIA,T1N1M0,,,-,-,-,Basal-like,,43,14.8,STOP,,,,
23000897,TCGA-E2-A15E,L2,193,,,,CAT,CGT,His,Arg,,,,,,IIA,T1N1M0,,,+,+,+,Lumi A,,40,17,STOP,,,,
14654539,FU22,Wild Type,,,,,,,,,,,,,2,IIIB,T4N1M0,,,,+,,Lumi A,ductal,82,28,EVENT,,,,
14654539,FU09,Wild Type,,,,,,,,,,,,,2,IIIB,T4N0M0,,,,+,,Lumi A,ductal,63,38,STOP,38,STOP,,
14654539,FU14,Wild Type,,,,,,,,,,,,,2,IIB,T3N0M0,,,,-,,Lumi A,ductal,70,40,STOP,40,STOP,,
14654539,FU16,Wild Type,,,,,,,,,,,,,2,IV,T4N1M1,,,,+,,Lumi A,ductal,74,37,STOP,,,,
14654539,FU24,Wild Type,,,,,,,,,,,,,2,IV,T3N1M1,,,,+,,Lumi A,ductal,73,41,STOP,,,,
14654539,FU25,Wild Type,,,,,,,,,,,,,2,IV,T4N1M1,,,,+,,Lumi A,ductal,54,36,STOP,,,,
14654539,FU39,Wild Type,,,,,,,,,,,,,3,IIB,T3N0M0,,,,-,,Basal-like,ductal,74,14,STOP,14,STOP,,
14654539,FU40,Wild Type,,,,,,,,,,,,,2,IV,T3N2M1,,,,+,,Lumi A,ductal,80,14,STOP,,,,
14654539,FU01,Wild Type,,,,,,,,,,,,,3,IV,T4N2M1,,,,-,,Basal-like,ductal,58,54,STOP,54,STOP,,
14654539,FU02,Wild Type,,,,,,,,,,,,,3,IIIB,T4N2M0,,,,+,,Lumi A,ductal,44,53,STOP,53,STOP,,
14654539,FU15,Wild Type,,,,,,,,,,,,,2,IIIB,T4N0M0,,,,-,,Lumi A,lobular,70,33,STOP,32,EVENT,,
14654539,FU29,Wild Type,,,,,,,,,,,,,3,IIIA,T3N1M0,,,,+,,Lumi B,ductal,59,26,STOP,26,STOP,,
14654539,FU37,Wild Type,,,,,,,,,,,,,2,IIIA,T2N2M0,,,,+,,Lumi A,ductal,67,5,STOP,,,,
14654539,FU43,Wild Type,,,,,,,,,,,,,3,IIIA,T3N2M0,,,,+,,Lumi A,ductal,69,15,STOP,15,STOP,,
17504517,ULL-002,Wild Type,,,,,,,,,,,,,2,IIA?IIB?IIIA?,T2M0,,,,+,+,Lumi A,ductal,87.7,9.8,EVENT,9.8,EVENT,,
17504517,ULL-011,Wild Type,,,,,,,,,,,,,2,IIA,T2N0M0,,,,+,-,Lumi A,ductal,78.8,145.5,EVENT,145.5,EVENT,,
17504517,ULL-013,Wild Type,,,,,,,,,,,,,1,IIB?IIIA?IIIC,T2NposM0,,,,+,+,Lumi A,ductal,76.1,70.4,EVENT,70.4,EVENT,,
17504517,ULL-014,Wild Type,,,,,,,,,,,,,2,IIB?IIIA?IIIC,T2NposM0,,,,+,+,normal-like,lobular,46.8,46.5,EVENT,19.4,EVENT,,
17504517,ULL-016,Wild Type,,,,,,,,,,,,,3,I,T1N0M0,,,,+,+,Lumi B,ductal,67.3,131.1,EVENT,131.1,EVENT,,
17504517,ULL-019,Wild Type,,,,,,,,,,,,,2,IV,T2N0M1,,,,+,+,Lumi B,lobular,81.8,72.8,EVENT,48.7,EVENT,,
17504517,ULL-020,Wild Type,,,,,,,,,,,,,2,IIIA?IIIC,T3NposM0,,,,?,?,Lumi B,ductal,75.8,93.9,EVENT,87.8,EVENT,,
17504517,ULL-022,Wild Type,,,,,,,,,,,,,2,IIIA?IIIC,T3NposM0,,,,-,-,Lumi A,ductal,28.3,146.1,EVENT,146.1,EVENT,,
17504517,ULL-024,Wild Type,,,,,,,,,,,,,2,IIA?IIB?IIIA?IIIB?IIIC,T?NposM0,,,,?,?,Lumi A,lobular,74.2,144.4,EVENT,144.4,EVENT,,
17504517,ULL-026,Wild Type,,,,,,,,,,,,,3,IIA?IIIA?IIIC,T1NposM0,,,,,,Basal-like,ductal,40.3,173,EVENT,173,EVENT,,
17504517,ULL-027,Wild Type,,,,,,,,,,,,,2,IIA<=,T?NposM0,,,,,,normal-like,ductal,71.3,27,EVENT,18,EVENT,,
17504517,ULL-028,Wild Type,,,,,,,,,,,,,2,IIA?IIIA?IIIC,T1NposM0,,,-,-,+,Lumi A,lobular,62.6,177.9,EVENT,177.9,EVENT,,
17504517,ULL-031,Wild Type,,,,,,,,,,,,,2,IIB?IIIA?IIIC,T2N?M0,,,,-,+,normal-like,lobular,84.3,70.2,EVENT,70.2,EVENT,,
17504517,ULL-036,Wild Type,,,,,,,,,,,,,2,I,T1N0M0,,,,+,+,Lumi A,lobular,70.6,117.9,EVENT,117.9,EVENT,,
17504517,ULL-037,Wild Type,,,,,,,,,,,,,2,IIA,T2N0M0,,,,+,+,Lumi B,ductal,78.2,83.4,EVENT,50.8,EVENT,,
17504517,ULL-044,Wild Type,,,,,,,,,,,,,2,IIA?IIIA?IIIC,T1NposM0,,,,+,+,Lumi B,ductal,81.9,71.5,EVENT,22.9,EVENT,,
17504517,ULL-046,Wild Type,,,,,,,,,,,,,3,IIB?IIIA?IIIC,T2NposM0,,,,+,+,normal-like,lobular,41.2,176.5,EVENT,176.5,EVENT,,
17504517,ULL-048,Wild Type,,,,,,,,,,,,,2,IIB?IIIA?IIIC,T2NposM0,,,,+,+,Lumi A,ductal,61,172.8,EVENT,109.5,EVENT,,
17504517,ULL-053,Wild Type,,,,,,,,,,,,,3,IIB?IIIA?IIIC,T2NposM0,,,,+,+,ERBB2,ductal,62.4,13.6,EVENT,13.6,EVENT,,
17504517,ULL-060,Wild Type,,,,,,,,,,,,,2,IIA,T2N0M0,,,,+,+,Lumi A,Mucinous,74.7,145.5,EVENT,145.5,EVENT,,
17504517,ULL-062,Wild Type,,,,,,,,,,,,,2,IIA,T2N0M0,,,,+,+,normal-like,lobular,62.1,160.9,EVENT,160.9,EVENT,,
17504517,ULL-063,Wild Type,,,,,,,,,,,,,1,IIB?IIIA?IIIC,T2N?M0,,,,+,-,Lumi A,Mucinous,80.8,7.1,EVENT,6.6,EVENT,,
17504517,ULL-066,Wild Type,,,,,,,,,,,,,2,IIB?IIIA?IIIC,T2NposM0,,,-,+,+,Lumi B,ductal,78.4,19.7,EVENT,5.2,EVENT,,
17504517,ULL-067,Wild Type,,,,,,,,,,,,,2,IIA,T2N0M0,,,,+,-,normal-like,ductal,62.2,25,EVENT,18.2,EVENT,,
17504517,ULL-072,Wild Type,,,,,,,,,,,,,2,IIB?IIIA?IIIC,T2N?M0,,,,+,-,Lumi B,lobular,58.7,65.3,EVENT,42.1,EVENT,,
17504517,ULL-074,Wild Type,,,,,,,,,,,,,2,IIB?IIIA?IIIC,T2NposM0,,,,+,+,Lumi A,ductal,43.2,163.5,EVENT,163.5,EVENT,,
17504517,ULL-075,Wild Type,,,,,,,,,,,,,2,IIA,T2N0M0,,,,-,-,Basal-like,ductal,28.2,163.4,EVENT,163.4,EVENT,,
17504517,ULL-079,Wild Type,,,,,,,,,,,,,2,IIB?IIIA?IIIC,T2N?M0,,,,+,-,Lumi A,Mucinous,86.1,95,EVENT,95,EVENT,,
17504517,ULL-085,Wild Type,,,,,,,,,,,,,2,IIIB?IIIC,T4NposM0,,,,-,+,Lumi B,ductal,59.4,32,EVENT,29.5,EVENT,,
17504517,ULL-087,Wild Type,,,,,,,,,,,,,3,I,T1N0M0,,,+,-,+,ERBB2,ductal,47.4,161,EVENT,161,EVENT,,
17504517,ULL-088,Wild Type,,,,,,,,,,,,,2,IIA,T2N0M0,,,,-,-,normal-like,lobular,70.9,161.1,EVENT,161.1,EVENT,,
17504517,ULL-097,Wild Type,,,,,,,,,,,,,2,IIB?IIIA?IIIC,T2N?M0,,,-,+,+,normal-like,lobular,82.4,5.8,EVENT,5.8,EVENT,,
17504517,ULL-105,Wild Type,,,,,,,,,,,,,2,IIIA?IIIC,T3NposM0,,,-,+,+,normal-like,lobular,73.7,95.9,EVENT,55.8,EVENT,,
17504517,ULL-107,Wild Type,,,,,,,,,,,,,1,IIA?IIIA?IIIC,T1NposM0,,,,+,+,Lumi A,Tubulolobular,71.9,122.1,EVENT,122.1,EVENT,,
17504517,ULL-111,Wild Type,,,,,,,,,,,,,2,IIA?IIIA?IIIC,T1NposM0,,,-,+,+,normal-like,lobular,55.3,171.2,EVENT,171.2,EVENT,,
17504517,ULL-112,Wild Type,,,,,,,,,,,,,1,IIIA?IIIC,T3NposM0,,,-,+,+,Lumi A,lobular,46.6,161.9,EVENT,161.9,EVENT,,
17504517,ULL-122,Wild Type,,,,,,,,,,,,,2,I,T1N0M0,,,-,+,+,Lumi A,ductal,72.5,160.6,EVENT,160.6,EVENT,,
17504517,ULL-123,Wild Type,,,,,,,,,,,,,3,IIIB,T4N0M0,,,,?,-,normal-like,?,75.2,40,EVENT,40,EVENT,,
17504517,ULL-132,Wild Type,,,,,,,,,,,,,2,0?I?IIA?IIB?IIIB,T?N0M0,,,,-,-,Lumi B,ductal,69.5,83,EVENT,83,EVENT,,
17504517,ULL-134,Wild Type,,,,,,,,,,,,,2,IIA,T2N0M0,,,,+,+,Lumi A,ductal,60.3,171.5,EVENT,171.5,EVENT,,
17504517,ULL-135,Wild Type,,,,,,,,,,,,,2,I,T1N0M0,,,,+,+,normal-like,ductal,73.3,167.3,EVENT,167.3,EVENT,,
17504517,ULL-136,Wild Type,,,,,,,,,,,,,2,IIB?IIIA?IIIC,T2NposM0,,,,-,+,normal-like,lobular,67.4,124.8,EVENT,124.8,EVENT,,
17504517,ULL-138,Wild Type,,,,,,,,,,,,,2,I,T1N0M0,,,,+,-,normal-like,lobular,74.3,36.4,EVENT,21.8,EVENT,,
17504517,ULL-143,Wild Type,,,,,,,,,,,,,2,IIA,T2N0M0,,,,+,+,Lumi A,ductal,48,103,EVENT,46.6,EVENT,,
17504517,ULL-144,Wild Type,,,,,,,,,,,,,2,IIA?IIIA?IIIC,T1NposM0,,,,+,+,Lumi A,ductal,61.9,159,EVENT,159,EVENT,,
17504517,ULL-150,Wild Type,,,,,,,,,,,,,2,IIA?IIIA?IIIC,T1NposM0,,,,+,+,Lumi A,ductal,63.7,157.8,EVENT,157.8,EVENT,,
17504517,ULL-165,Wild Type,,,,,,,,,,,,,3,IIIB?IIIC,T4NposM0,,,,+,+,Lumi B,ductal,76,60.2,EVENT,53.9,EVENT,,
17504517,ULL-168,Wild Type,,,,,,,,,,,,,2,IIB?IIIA?IIIC,T2N?M0,,,,-,-,normal-like,lobular,78.4,12.9,EVENT,9.6,EVENT,,
17504517,ULL-169,Wild Type,,,,,,,,,,,,,2,IIIA?IIIC,T3NposM0,,,-,-,-,ERBB2,ductal,51.1,12.3,EVENT,4.4,EVENT,,
17504517,ULL-176,Wild Type,,,,,,,,,,,,,1,IIB?IIIA?IIIC,T2NposM0,,,,-,-,normal-like,,46.4,154.8,EVENT,154.8,EVENT,,
17504517,ULL-181,Wild Type,,,,,,,,,,,,,2,IIB?IIIA?IIIC,T2N?M0,,,-,+,+,Lumi A,,50.2,78.2,EVENT,1.2,EVENT,,
17504517,ULL-183,Wild Type,,,,,,,,,,,,,2,I,T1N0M0,,,,?,-,normal-like,,73.1,77.3,EVENT,77.3,EVENT,,
17504517,ULL-184,Wild Type,,,,,,,,,,,,,3,IIA?IIIA?IIIC,T1NposM0,,,,?,-,Lumi B,,70.9,153.9,EVENT,153.9,EVENT,,
17504517,ULL-190,Wild Type,,,,,,,,,,,,,2,IIIA?IIIC,T3NposM0,,,-,?,-,normal-like,,62.5,23,EVENT,20.6,EVENT,,
17504517,ULL-199,Wild Type,,,,,,,,,,,,,2,I?IIA?IIIA?IIIC,T1N?M0,,,,+,-,normal-like,,54.2,153.5,EVENT,153.5,EVENT,,
17504517,ULL-201,Wild Type,,,,,,,,,,,,,2,IIA,T2N0M0,,,-,+,+,Lumi B,,79.3,63.3,EVENT,24.3,EVENT,,
17504517,ULL-214,Wild Type,,,,,,,,,,,,,2,I,T1N0M0,,,+,+,+,Lumi A,,43.8,150.7,EVENT,150.7,EVENT,,
17504517,ULL-216,Wild Type,,,,,,,,,,,,,2,IIA,T2N0M0,,,+,+,+,Lumi A,,67.2,26.4,EVENT,26.4,EVENT,,
17504517,ULL-222,Wild Type,,,,,,,,,,,,,2,IIIA?IIIC,T3NposM0,,,-,+,+,normal-like,,75.2,148.9,EVENT,148.9,EVENT,,
17504517,ULL-230,Wild Type,,,,,,,,,,,,,2,IIA,T2N0M0,,,,+,+,Lumi B,,64,94.3,EVENT,43.4,EVENT,,
11553815,BC104A-BE,Wild Type,,,,,,,,,,,,,2,IIIA,T3N1M0,,,,+,,Lumi A,ductal,68,92,STOP,92,STOP,,
11553815,BC106B-BE,Wild Type,,,,,,,,,,,,,1,IIIA,T3N1M0,,,,+,,Lumi A,papillary,78,56,STOP,56,STOP,,
11553815,BC108A-BE,Wild Type,,,,,,,,,,,,,1,IIIA,T3N1M0,,,,-,,Lumi A,ductal,47,22,EVENT,22,EVENT,,
11553815,BC110B-BE,Wild Type,,,,,,,,,,,,,2,IIIB,T4N0M0,,,,+,,Lumi A,ductal,58,30,EVENT,23,EVENT,,
11553815,BC112B-BE,Wild Type,,,,,,,,,,,,,2,IIIA,T3N1M0,,,,+,,Lumi B,ductal,75,8,EVENT,7,EVENT,,
11553815,BC114A-BE,Wild Type,,,,,,,,,,,,,2,IIIB,T4N2M0,,,,+,,ERBB2,ductal,82,12,EVENT,11,EVENT,,
11553815,BC116A-BE,Wild Type,,,,,,,,,,,,,2,IIIB,T4N2M0,,,,+,,Lumi A,ductal,74,78,STOP,78,STOP,,
11553815,BC 117A-BE,Wild Type,,,,,,,,,,,,,1,IIIB,T4N0M0,,,,+,,Lumi A,ductal,76,80,STOP,80,STOP,,
11553815,BC118B-BE,Wild Type,,,,,,,,,,,,,2,IIIA,T3N1M0,,,,+,,Lumi A,ductal,66,33,STOP,33,STOP,,
11553815,BC119A-BE,Wild Type,,,,,,,,,,,,,3,IIIB,T4N2M0,,,,-,,Basal-like,ductal,79,14,EVENT,12,EVENT,,
11553815,BC121B-BE,Wild Type,,,,,,,,,,,,,3,IIIA,T3N1M0,,,,+,,Lumi A,ductal,62,24,EVENT,23,EVENT,,
11553815,BC124A-BE,Wild Type,,,,,,,,,,,,,1,IIIA,T3N1M0,,,,+,,Lumi A,ductal,78,74,EVENT,59,EVENT,,
11553815,BC125A-BE,Wild Type,,,,,,,,,,,,,2,IIB,T3N0M0,,,,+,,Lumi A,lobular,46,74,STOP,74,STOP,,
11553815,BC201B-BE,Wild Type,,,,,,,,,,,,,1,IIIA,T3N2M0,,,,+,,Lumi A,ductal,55,73,STOP,73,STOP,,
11553815,BC213B-BE,Wild Type,,,,,,,,,,,,,,IIB,T3N0M0,,,,+,,ERBB2,DCIS,51,66,STOP,66,STOP,,
11553815,BC214B-BE,Wild Type,,,,,,,,,,,,,3,IIB,T3N0M0,,,,-,,Lumi B,ductal,54,7,EVENT,4,EVENT,,
11553815,BC308B-BE,Wild Type,,,,,,,,,,,,,2,IIIA,T3N1M0,,,,+,,Lumi A,ductal,65,61,STOP,61,STOP,,
11553815,BC402B-BE,Wild Type,,,,,,,,,,,,,3,IIB,T3N0M0,,,,+,,ERBB2,ductal,58,57,STOP,57,STOP,,
11553815,BC503B-BE,Wild Type,,,,,,,,,,,,,1,IIB,T3N0M0,,,,+,,Lumi A,mucinous,79,40,STOP,40,STOP,,
11553815,BC608B-BE,Wild Type,,,,,,,,,,,,,2,IV,T4N0M1,,,,+,,Lumi A,ductal,78,45,EVENT,0,EVENT,,
11553815,BC610A-BE,Wild Type,,,,,,,,,,,,,2,IIIB,T4N1M0,,,,+,,Lumi A,ductal,78,39,STOP,39,STOP,,
11553815,BC702B-BE,Wild Type,,,,,,,,,,,,,2,IIIB,T4N2M0,,,,+,,Lumi A,ductal,64,36,STOP,36,STOP,,
11553815,BC710A-BE,Wild Type,,,,,,,,,,,,,3,IIIB,T4N2M0,,,,+,,Lumi B,ductal,64,29,STOP,29,STOP,,
11553815,BC711B-BE,Wild Type,,,,,,,,,,,,,3,IIIA,T3N2M0,,,,+,,Lumi A,ductal,44,31,STOP,31,STOP,,
11553815,BC807A-BE,Wild Type,,,,,,,,,,,,,3,IIB,T3N0M0,,,,+,,Lumi A,ductal,54,30,STOP,30,STOP,,
11553815,BC808A-BE,Wild Type,,,,,,,,,,,,,1,IIIA,T3N1M0,,,,+,,Normal,ductal,37,22,STOP,22,STOP,,
12829800,BC24,Wild Type,,,,,,,,,,,,,2,IIIA,T2N1M0,,,,+,,Lumi A,ductal,69,23,STOP,23,STOP,,
12829800,BC31-0,Wild Type,,,,,,,,,,,,,2,IIA,T1N1M0,,,,+,,Lumi A,ductal,48,16,STOP,16,STOP,,
12829800,BC38,Wild Type,,,,,,,,,,,,,2,IIA,T1N1M0,,,,+,,Lumi A,ductal,45,18,STOP,18,STOP,,
12829800,BC4-LN4,Wild Type,,,,,,,,,,,,,2,IIIA,T2N1M0,,,,+,,Lumi A,ductal,79,13,STOP,13,STOP,,
12829800,BC40,Wild Type,,,,,,,,,,,,,2,IIIA,T2N1M0,,,,+,,Lumi A,ductal,54,13,STOP,13,STOP,,
23000897,TCGA-AR-A1AR,Wild Type,,,,,,,,,,,,,,IIIA,T1N2M0,,,-,-,-,Basal-like,,50,17.2,EVENT,,,,
23000897,TCGA-BH-A18K,Wild Type,,,,,,,,,,,,,,I,T1N0M0,,,-,+,+,Basal-like,,46,90.8,EVENT,,,,
23000897,TCGA-BH-A0HL,Wild Type,,,,,,,,,,,,,,IIB,T2N1M0,,,-,+,+,Basal-like,,56,2.4,STOP,,,,
23000897,TCGA-A7-A13E,Wild Type,,,,,,,,,,,,,,IIB,T2N1M0,,,-,+,-,Basal-like,,62,10.7,STOP,,,,
23000897,TCGA-BH-A0HN,Wild Type,,,,,,,,,,,,,,I,T1N0M0,,,-,+,+,Basal-like,,67,17,STOP,,,,
23000897,TCGA-A2-A0T0,Wild Type,,,,,,,,,,,,,,IIB,T2N1M0,,,-,-,-,Basal-like,,59,17.5,STOP,,,,
23000897,TCGA-A2-A0YE,Wild Type,,,,,,,,,,,,,,IIB,T2N1M0,,,-,-,-,Basal-like,,48,18.1,STOP,,,,
23000897,TCGA-A2-A04Q,Wild Type,,,,,,,,,,,,,,I,T1N0M0,,,-,-,-,Basal-like,,48,42,STOP,,,,
23000897,TCGA-AO-A12F,Wild Type,,,,,,,,,,,,,,IIA,T2N0M0,,,-,-,-,Basal-like,,36,48.3,STOP,,,,
23000897,TCGA-A2-A04T,Wild Type,,,,,,,,,,,,,,IIA,T2N0M0,,,-,-,-,Basal-like,,62,73.9,STOP,,,,
23000897,TCGA-B6-A0RT,Wild Type,,,,,,,,,,,,,,IIIA,T3N1M0,,,-,-,-,Basal-like,,39,89.5,STOP,,,,
23000897,TCGA-AO-A128,Wild Type,,,,,,,,,,,,,,IIA,T2N0M0,,,-,-,-,Basal-like,,61,94.6,STOP,,,,
23000897,TCGA-A2-A0ST,Wild Type,,,,,,,,,,,,,,IIA,T1N1M0,,,-,-,-,Basal-like,,62,54.2,STOP,,,,
23000897,TCGA-A8-A07C,Wild Type,,,,,,,,,,,,,,IIA,T2N0M0,,,-,-,-,Basal-like,,57,19,STOP,,,,
23000897,TCGA-AN-A04D,Wild Type,,,,,,,,,,,,,,IIB,T2N1M0,,,-,-,-,Basal-like,,58,2.7,STOP,,,,
23000897,TCGA-AN-A0AT,Wild Type,,,,,,,,,,,,,,IIA,T2N0M0,,,-,-,-,Basal-like,,62,0.3,STOP,,,,
23000897,TCGA-AR-A0TU,Wild Type,,,,,,,,,,,,,,IIA,T2N0M0,,,-,-,-,Basal-like,,35,11.8,STOP,,,,
23000897,TCGA-BH-A0BW,Wild Type,,,,,,,,,,,,,,I,T1N0M0,,,-,-,-,Basal-like,,71,11.7,STOP,,,,
23000897,TCGA-BH-A18G,Wild Type,,,,,,,,,,,,,,I,T1N0M0,,,-,-,-,Basal-like,,81,2,STOP,,,,
23000897,TCGA-E2-A1AZ,Wild Type,,,,,,,,,,,,,,IIB,T2N1M0,,,-,-,-,Basal-like,,63,64.6,STOP,,,,
23000897,TCGA-E2-A1B5,Wild Type,,,,,,,,,,,,,,IIA,T2N0M0,,,-,+,+,Basal-like,,46,25.5,STOP,,,,
23000897,TCGA-A8-A08L,Wild Type,,,,,,,,,,,,,,IIIA,T3N2M0,,,-,+,-,ERBB2,,89,10,EVENT,,,,
23000897,TCGA-BH-A18P,Wild Type,,,,,,,,,,,,,,I,T1N0M0,,,-,+,-,ERBB2,,60,30.3,EVENT,,,,
23000897,TCGA-A8-A08J,Wild Type,,,,,,,,,,,,,,IV,T4N3M1,,,-,+,-,ERBB2,,52,37.1,EVENT,,,,
23000897,TCGA-AR-A1AT,Wild Type,,,,,,,,,,,,,,IIA,T2N0M0,,,+,+,+,ERBB2,,62,41.8,EVENT,,,,
23000897,TCGA-BH-A0EE,Wild Type,,,,,,,,,,,,,,IIB,T3N0M0,,,+,-,-,ERBB2,,68,31,STOP,,,,
23000897,TCGA-A2-A0CY,Wild Type,,,,,,,,,,,,,,IIB,T2N1M0,,,-,+,+,ERBB2,,63,55,STOP,,,,
23000897,TCGA-A2-A04X,Wild Type,,,,,,,,,,,,,,IIA,T2N0M0,,,+,+,+,ERBB2,,34,55.4,STOP,,,,
23000897,TCGA-A8-A076,Wild Type,,,,,,,,,,,,,,IIA,T2N0M0,,,+,+,+,ERBB2,,66,54,STOP,,,,
23000897,TCGA-A8-A07I,Wild Type,,,,,,,,,,,,,,IIIA,T2N2M0,,,+,+,-,ERBB2,,69,14,STOP,,,,
23000897,TCGA-A8-A08B,Wild Type,,,,,,,,,,,,,,IIA,T2N0M0,,,+,+,-,ERBB2,,52,23.1,STOP,,,,
23000897,TCGA-A8-A0A7,Wild Type,,,,,,,,,,,,,,IIB,T2N1M0,,,+,-,-,ERBB2,,57,1,STOP,,,,
23000897,TCGA-E2-A14V,Wild Type,,,,,,,,,,,,,,IIB,T2N1M0,,,+,+,+,ERBB2,,53,24.6,STOP,,,,
23000897,TCGA-A2-A0CU,Wild Type,,,,,,,,,,,,,,IIA,T2N0M0,,,-,+,+,Lumi A,,73,5.2,EVENT,,,,
23000897,TCGA-AR-A0TR,Wild Type,,,,,,,,,,,,,,IIB,T2N1M0,,,-,+,+,Lumi A,,68,5.2,EVENT,,,,
23000897,TCGA-B6-A0X4,Wild Type,,,,,,,,,,,,,,IIB,T2N1M0,,,-,+,+,Lumi A,,62,28.2,EVENT,,,,
23000897,TCGA-BH-A0EA,Wild Type,,,,,,,,,,,,,,IIA,T1N1M0,,,-,+,+,Lumi A,,72,32.7,EVENT,,,,
23000897,TCGA-BH-A18N,Wild Type,,,,,,,,,,,,,,IIB,T2N1M0,,,-,+,+,Lumi A,,88,37.8,EVENT,,,,
23000897,TCGA-BH-A1EU,Wild Type,,,,,,,,,,,,,,I,T1N0M0,,,-,+,+,Lumi A,,83,42.3,EVENT,,,,
23000897,TCGA-A2-A04V,Wild Type,,,,,,,,,,,,,,IIA,T2N0M0,,,-,+,+,Lumi A,,39,63.1,EVENT,,,,
23000897,TCGA-BH-A18S,Wild Type,,,,,,,,,,,,,,I,T1N0M0,,,,+,+,Lumi A,,79,66.1,EVENT,,,,
23000897,TCGA-BH-A18M,Wild Type,,,,,,,,,,,,,,IIIA,T3N1M0,,,+,+,+,Lumi A,,39,72.6,EVENT,,,,
23000897,TCGA-BH-A1ET,Wild Type,,,,,,,,,,,,,,I,T1N0M0,,,-,+,+,Lumi A,,55,82.9,EVENT,,,,
23000897,TCGA-BH-A1EO,Wild Type,,,,,,,,,,,,,,IIA,T1N1M0,,,-,+,+,Lumi A,,68,92,EVENT,,,,
23000897,TCGA-B6-A0WS,Wild Type,,,,,,,,,,,,,,I,T1N0M0,,,-,+,+,Lumi A,,58,97.5,EVENT,,,,
23000897,TCGA-B6-A0RP,Wild Type,,,,,,,,,,,,,,IIB,T2N1M0,,,-,+,+,Lumi A,,73,102.8,EVENT,,,,
23000897,TCGA-B6-A0IH,Wild Type,,,,,,,,,,,,,,IIIA,T3N1M0,,,-,+,+,Lumi A,,81,112.4,EVENT,,,,
23000897,TCGA-B6-A0WY,Wild Type,,,,,,,,,,,,,,IIIA,T3N1M0,,,-,+,-,Lumi A,,40,113.8,EVENT,,,,
23000897,TCGA-BH-A1ES,Wild Type,,,,,,,,,,,,,,IIB,T2N1M0,,,-,+,+,Lumi A,,35,113.8,EVENT,,,,
23000897,TCGA-B6-A0X0,Wild Type,,,,,,,,,,,,,,I,T1N0M0,,,-,+,+,Lumi A,,54,129.7,EVENT,,,,
23000897,TCGA-B6-A0RQ,Wild Type,,,,,,,,,,,,,,IIB,T3N0M0,,,-,+,+,Lumi A,,68,140.5,EVENT,,,,
23000897,TCGA-B6-A0IG,Wild Type,,,,,,,,,,,,,,IIB,T2N1M0,,,,+,+,Lumi A,,50,146.5,EVENT,,,,
23000897,TCGA-BH-A0HO,Wild Type,,,,,,,,,,,,,,IIA,T1N1M0,,,-,+,+,Lumi A,,48,2.5,STOP,,,,
23000897,TCGA-BH-A0DS,Wild Type,,,,,,,,,,,,,,IIIA,T2N2M0,,,-,+,+,Lumi A,,71,2.53,STOP,,,,
23000897,TCGA-BH-A0DQ,Wild Type,,,,,,,,,,,,,,IIB,T2N1M0,,,-,+,+,Lumi A,,42,3.22,STOP,,,,
23000897,TCGA-BH-A0HK,Wild Type,,,,,,,,,,,,,,IIB,T2N1M0,,,-,+,-,Lumi A,,81,5.85,STOP,,,,
23000897,TCGA-A7-A0CG,Wild Type,,,,,,,,,,,,,,IIA,T2N0M0,,,-,+,-,Lumi A,,78,7.6,STOP,,,,
23000897,TCGA-A7-A0CH,Wild Type,,,,,,,,,,,,,,IIA,T2N0M0,,,-,,,Lumi A,,79,7.6,STOP,,,,
23000897,TCGA-A7-A0DB,Wild Type,,,,,,,,,,,,,,IIA,T2N0M0,,,-,+,+,Lumi A,,56,8.7,STOP,,,,
23000897,TCGA-A7-A0D9,Wild Type,,,,,,,,,,,,,,IIA,T2N0M0,,,-,+,-,Lumi A,,37,8.9,STOP,,,,
23000897,TCGA-AO-A0J8,Wild Type,,,,,,,,,,,,,,IIA,T2N0M0,,,-,+,+,Lumi A,,61,9.1,STOP,,,,
23000897,TCGA-BH-A0GZ,Wild Type,,,,,,,,,,,,,,IIA,T1N1M0,,,-,+,+,Lumi A,,62,10.8,STOP,,,,
23000897,TCGA-AO-A0JA,Wild Type,,,,,,,,,,,,,,IIIC,T2N3M0,,,-,+,+,Lumi A,,36,11.4,STOP,,,,
23000897,TCGA-AO-A0JF,Wild Type,,,,,,,,,,,,,,IIA,T1N1M0,,,-,+,+,Lumi A,,68,11.6,STOP,,,,
23000897,TCGA-A7-A0CD,Wild Type,,,,,,,,,,,,,,I,T1N0M0,,,-,+,+,Lumi A,,66,12.2,STOP,,,,
23000897,TCGA-D8-A145,Wild Type,,,,,,,,,,,,,,IIA,T1N1M0,,,-,+,+,Lumi A,,80,13.5,STOP,,,,
23000897,TCGA-BH-A0HP,Wild Type,,,,,,,,,,,,,,IIIA,T3N2M0,,,-,+,-,Lumi A,,65,13.6,STOP,,,,
23000897,TCGA-BH-A0DK,Wild Type,,,,,,,,,,,,,,IIA,T2N0M0,,,-,+,+,Lumi A,,49,13.9,STOP,,,,
23000897,TCGA-BH-A0E2,Wild Type,,,,,,,,,,,,,,IIIA,T2N2M0,,,-,+,+,Lumi A,,49,14.3,STOP,,,,
23000897,TCGA-A2-A0YI,Wild Type,,,,,,,,,,,,,,I,T1N0M0,,,-,+,+,Lumi A,,62,14.5,STOP,,,,
23000897,TCGA-A2-A0YL,Wild Type,,,,,,,,,,,,,,IIIA,T3N2M0,,,-,+,+,Lumi A,,48,14.6,STOP,,,,
23000897,TCGA-AO-A0JG,Wild Type,,,,,,,,,,,,,,IIIA,T2N2M0,,,-,+,+,Lumi A,,49,14.8,STOP,,,,
23000897,TCGA-A2-A0YF,Wild Type,,,,,,,,,,,,,,I,T1N0M0,,,-,+,-,Lumi A,,67,15.4,STOP,,,,
23000897,TCGA-BH-A0DP,Wild Type,,,,,,,,,,,,,,IIB,T3N0M0,,,-,+,+,Lumi A,,60,15.7,STOP,,,,
23000897,TCGA-BH-A0E1,Wild Type,,,,,,,,,,,,,,IIB,T2N1M0,,,-,+,+,Lumi A,,52,15.7,STOP,,,,
23000897,TCGA-A2-A0T5,Wild Type,,,,,,,,,,,,,,IIA,T2N0M0,,,-,+,+,Lumi A,,39,27.5,STOP,,,,
23000897,TCGA-A2-A0T6,Wild Type,,,,,,,,,,,,,,IIB,T3N0M0,,,-,+,+,Lumi A,,50,28.9,STOP,,,,
23000897,TCGA-BH-A0HI,Wild Type,,,,,,,,,,,,,,I,T1N0M0,,,-,+,+,Lumi A,,78,20.4,STOP,,,,
23000897,TCGA-A2-A0T7,Wild Type,,,,,,,,,,,,,,IIA,T2N0M0,,,-,+,+,Lumi A,,51,20.7,STOP,,,,
23000897,TCGA-BH-A0BJ,Wild Type,,,,,,,,,,,,,,IIB,T2N1M0,,,-,+,+,Lumi A,,41,21.7,STOP,,,,
23000897,TCGA-BH-A0H6,Wild Type,,,,,,,,,,,,,,I,T1N0M0,,,-,+,+,Lumi A,,82,24.6,STOP,,,,
23000897,TCGA-BH-A0HF,Wild Type,,,,,,,,,,,,,,I,T1N0M0,,,-,+,+,Lumi A,,77,23.9,STOP,,,,
23000897,TCGA-A2-A0YD,Wild Type,,,,,,,,,,,,,,IIB,T3N0M0,,,-,+,+,Lumi A,,63,25.3,STOP,,,,
23000897,TCGA-BH-A0HB,Wild Type,,,,,,,,,,,,,,I,T1N0M0,,,-,+,+,Lumi A,,55,26.5,STOP,,,,
23000897,TCGA-AO-A12H,Wild Type,,,,,,,,,,,,,,IIA,T2N0M0,,,-,+,+,Lumi A,,69,28.3,STOP,,,,
23000897,TCGA-E2-A10E,Wild Type,,,,,,,,,,,,,,IIA,T1N1M0,,,-,+,+,Lumi A,,64,28.4,STOP,,,,
23000897,TCGA-A2-A0D3,Wild Type,,,,,,,,,,,,,,I,T1N0M0,,,-,+,+,Lumi A,,42,28.8,STOP,,,,
23000897,TCGA-E2-A10F,Wild Type,,,,,,,,,,,,,,IIA,T2N0M0,,,-,+,+,Lumi A,,47,28.9,STOP,,,,
23000897,TCGA-A2-A0EW,Wild Type,,,,,,,,,,,,,,IIIC,T1N3M0,,,-,+,+,Lumi A,,53,29.7,STOP,,,,
23000897,TCGA-A2-A0EV,Wild Type,,,,,,,,,,,,,,I,T1N0M0,,,-,+,+,Lumi A,,80,31.8,STOP,,,,
23000897,TCGA-A2-A0YC,Wild Type,,,,,,,,,,,,,,IIB,T2N1M0,,,-,+,+,Lumi A,,59,32.5,STOP,,,,
23000897,TCGA-A2-A0EU,Wild Type,,,,,,,,,,,,,,I,T1N0M0,,,-,+,+,Lumi A,,79,34.3,STOP,,,,
23000897,TCGA-A2-A0ET,Wild Type,,,,,,,,,,,,,,IIIA,T2N2M0,,,-,+,+,Lumi A,,58,35,STOP,,,,
23000897,TCGA-A2-A04Y,Wild Type,,,,,,,,,,,,,,IIB,T2N1M0,,,-,+,+,Lumi A,,53,36.1,STOP,,,,
23000897,TCGA-BH-A0HQ,Wild Type,,,,,,,,,,,,,,IIA,T2N0M0,,,-,+,+,Lumi A,,56,36.9,STOP,,,,
23000897,TCGA-A2-A0ES,Wild Type,,,,,,,,,,,,,,IIA,T2N0M0,,,-,+,+,Lumi A,,52,37,STOP,,,,
23000897,TCGA-BH-A0BA,Wild Type,,,,,,,,,,,,,,IIIC,T3N3M0,,,-,+,+,Lumi A,,51,37.2,STOP,,,,
23000897,TCGA-E2-A10B,Wild Type,,,,,,,,,,,,,,IIB,T2N1M0,,,-,+,+,Lumi A,,67,37.5,STOP,,,,
23000897,TCGA-BH-A0B1,Wild Type,,,,,,,,,,,,,,IIB,T2N1M0,,,-,+,+,Lumi A,,66,37.8,STOP,,,,
23000897,TCGA-BH-A0DH,Wild Type,,,,,,,,,,,,,,IIB,T2N1M0,,,-,+,+,Lumi A,,63,38,STOP,,,,
23000897,TCGA-BH-A0B4,Wild Type,,,,,,,,,,,,,,IIIA,T2N2M0,,,+,+,+,Lumi A,,65,39.1,STOP,,,,
23000897,TCGA-BH-A0H9,Wild Type,,,,,,,,,,,,,,IIA,T2N0M0,,,-,+,+,Lumi A,,69,41,STOP,,,,
23000897,TCGA-AO-A0J9,Wild Type,,,,,,,,,,,,,,IIIC,T2N3M0,,,-,+,+,Lumi A,,61,44.3,STOP,,,,
23000897,TCGA-A2-A0SY,Wild Type,,,,,,,,,,,,,,IIIA,T3N1M0,,,+,+,+,Lumi A,,62,44.3,STOP,,,,
23000897,TCGA-BH-A0E7,Wild Type,,,,,,,,,,,,,,IIB,T2N1M0,,,-,+,+,Lumi A,,79,44.8,STOP,,,,
23000897,TCGA-AO-A03M,Wild Type,,,,,,,,,,,,,,I,T1N0M0,,,-,+,+,Lumi A,,29,50,STOP,,,,
23000897,TCGA-BH-A0BV,Wild Type,,,,,,,,,,,,,,IIB,T2N1M0,,,-,+,+,Lumi A,,78,50,STOP,,,,
23000897,TCGA-BH-A0B8,Wild Type,,,,,,,,,,,,,,I,T1N0M0,,,-,+,+,Lumi A,,64,51.6,STOP,,,,
23000897,TCGA-A2-A0CZ,Wild Type,,,,,,,,,,,,,,IIA,T2N0M0,,,-,+,+,Lumi A,,46,53.1,STOP,,,,
23000897,TCGA-A2-A0SU,Wild Type,,,,,,,,,,,,,,IIA,T2N0M0,,,-,+,+,Lumi A,,66,54.6,STOP,,,,
23000897,TCGA-AO-A12E,Wild Type,,,,,,,,,,,,,,IIB,T3N0M0,,,-,+,+,Lumi A,,51,57.3,STOP,,,,
23000897,TCGA-E2-A106,Wild Type,,,,,,,,,,,,,,IIA,T1N1M0,,,-,+,+,Lumi A,,34,59.4,STOP,,,,
23000897,TCGA-A2-A0CV,Wild Type,,,,,,,,,,,,,,IIB,T2N1M0,,,-,+,+,Lumi A,,41,63.4,STOP,,,,
23000897,TCGA-AO-A12C,Wild Type,,,,,,,,,,,,,,IIB,T2N1M0,,,+,+,+,Lumi A,,42,65.5,STOP,,,,
23000897,TCGA-B6-A0RG,Wild Type,,,,,,,,,,,,,,IIB,T3N0M0,,,-,-,-,Lumi A,,26,68.5,STOP,,,,
23000897,TCGA-A2-A0CS,Wild Type,,,,,,,,,,,,,,IIIC,T4N3M1,,,-,+,+,Lumi A,,73,75.6,STOP,,,,
23000897,TCGA-A2-A0EO,Wild Type,,,,,,,,,,,,,,I,T1N0M0,,,-,+,+,Lumi A,,54,80.3,STOP,,,,
23000897,TCGA-A2-A0CQ,Wild Type,,,,,,,,,,,,,,I,T1N0M0,,,-,+,+,Lumi A,,62,88.6,STOP,,,,
23000897,TCGA-A2-A0EN,Wild Type,,,,,,,,,,,,,,IIA,T2N0M0,,,-,+,+,Lumi A,,70,89.3,STOP,,,,
23000897,TCGA-AO-A12A,Wild Type,,,,,,,,,,,,,,IIA,T2N0M0,,,-,+,+,Lumi A,,47,90.6,STOP,,,,
23000897,TCGA-A2-A0CP,Wild Type,,,,,,,,,,,,,,I,T1N0M0,,,-,+,+,Lumi A,,60,92.5,STOP,,,,
23000897,TCGA-AO-A126,Wild Type,,,,,,,,,,,,,,IIA,T2N0M0,,,-,+,+,Lumi A,,39,93.7,STOP,,,,
23000897,TCGA-AO-A125,Wild Type,,,,,,,,,,,,,,IIA,T2N0M0,,,-,+,+,Lumi A,,72,99.2,STOP,,,,
23000897,TCGA-A2-A0EM,Wild Type,,,,,,,,,,,,,,I,T1N0M0,,,-,+,+,Lumi A,,73,101.7,STOP,,,,
23000897,TCGA-A2-A04N,Wild Type,,,,,,,,,,,,,,I,T1N0M0,,,-,+,+,Lumi A,,66,104.8,STOP,,,,
23000897,TCGA-B6-A0IO,Wild Type,,,,,,,,,,,,,,IIA,T2N0M0,,,-,+,?,Lumi A,,66,110.2,STOP,,,,
23000897,TCGA-B6-A0IP,Wild Type,,,,,,,,,,,,,,I,T1N0M0,,,-,+,+,Lumi A,,74,111,STOP,,,,
23000897,TCGA-B6-A0WZ,Wild Type,,,,,,,,,,,,,,IIB,T2N1M0,,,-,+,+,Lumi A,,50,129.6,STOP,,,,
23000897,TCGA-B6-A0I5,Wild Type,,,,,,,,,,,,,,IIB,T2N1M0,,,-,+,+,Lumi A,,49,149.6,STOP,,,,
23000897,TCGA-B6-A0RV,Wild Type,,,,,,,,,,,,,,IIIA,T3N2M0,,,-,+,+,Lumi A,,42,157.4,STOP,,,,
23000897,TCGA-B6-A0RO,Wild Type,,,,,,,,,,,,,,IIIB,T4N1M0,,,-,+,+,Lumi A,,71,162,STOP,,,,
23000897,TCGA-B6-A0RN,Wild Type,,,,,,,,,,,,,,I,T1N0M0,,,-,-,-,Lumi A,,60,173,STOP,,,,
23000897,TCGA-B6-A0WT,Wild Type,,,,,,,,,,,,,,IIB,T2N1M0,,,-,+,+,Lumi A,,61,188.7,STOP,,,,
23000897,TCGA-B6-A0IA,Wild Type,,,,,,,,,,,,,,IIA,T2N0M0,,,-,+,+,Lumi A,,51,220.9,STOP,,,,
23000897,TCGA-B6-A0RI,Wild Type,,,,,,,,,,,,,,IIIB,T4N1M0,,,-,+,+,Lumi A,,44,234.3,STOP,,,,
23000897,TCGA-A1-A0SE,Wild Type,,,,,,,,,,,,,,I,T1N0M0,,,-,+,+,Lumi A,,56,43.4,STOP,,,,
23000897,TCGA-A2-A0EX,Wild Type,,,,,,,,,,,,,,IIB,T3N0M0,,,-,+,+,Lumi A,,46,18.1,STOP,,,,
23000897,TCGA-AO-A0JJ,Wild Type,,,,,,,,,,,,,,IIB,T2N1M0,,,-,+,+,Lumi A,,54,49.7,STOP,,,,
23000897,TCGA-E2-A105,Wild Type,,,,,,,,,,,,,,IIA,T2N0M0,,,?,+,+,Lumi A,,79,38.2,STOP,,,,
23000897,TCGA-A1-A0SD,Wild Type,,,,,,,,,,,,,,IIA,T2N0M0,,,-,+,+,Lumi A,,59,134.4,STOP,,,,
23000897,TCGA-A1-A0SH,Wild Type,,,,,,,,,,,,,,IIA,T2N0M0,,,-,-,+,Lumi A,,39,47.3,STOP,,,,
23000897,TCGA-A1-A0SJ,Wild Type,,,,,,,,,,,,,,IIIA,T3N1M0,,,-,+,+,Lumi A,,39,14,STOP,,,,
23000897,TCGA-A8-A06P,Wild Type,,,,,,,,,,,,,,IIIA,T1N2M0,,,-,+,+,Lumi A,,63,13,STOP,,,,
23000897,TCGA-A8-A06T,Wild Type,,,,,,,,,,,,,,IIIA,T3N1M0,,,-,+,+,Lumi A,,75,41,STOP,,,,
23000897,TCGA-A8-A06Y,Wild Type,,,,,,,,,,,,,,IIA,T2N0M0,,,-,+,+,Lumi A,,66,26,STOP,,,,
23000897,TCGA-A8-A07E,Wild Type,,,,,,,,,,,,,,IIIC,T4N3M0,,,-,+,+,Lumi A,,81,19.9,STOP,,,,
23000897,TCGA-A8-A07F,Wild Type,,,,,,,,,,,,,,IIB,T2N1M0,,,-,+,+,Lumi A,,65,18.9,STOP,,,,
23000897,TCGA-A8-A07G,Wild Type,,,,,,,,,,,,,,IIA,T1N1M0,,,-,+,+,Lumi A,,65,18.9,STOP,,,,
23000897,TCGA-A8-A07J,Wild Type,,,,,,,,,,,,,,IIB,T2N1M0,,,-,+,+,Lumi A,,35,12,STOP,,,,
23000897,TCGA-A8-A07P,Wild Type,,,,,,,,,,,,,,IIB,T2N1M0,,,+,+,+,Lumi A,,68,11,STOP,,,,
23000897,TCGA-A8-A086,Wild Type,,,,,,,,,,,,,,IIA,T1N1M0,,,-,+,+,Lumi A,,59,13,STOP,,,,
23000897,TCGA-A8-A08A,Wild Type,,,,,,,,,,,,,,I,T1N0M0,,,-,+,+,Lumi A,,89,1,STOP,,,,
23000897,TCGA-A8-A08C,Wild Type,,,,,,,,,,,,,,IIA,T2N0M0,,,-,+,+,Lumi A,,65,20,STOP,,,,
23000897,TCGA-A8-A08O,Wild Type,,,,,,,,,,,,,,IV,T2N3M1,,,-,+,+,Lumi A,,45,31,STOP,,,,
23000897,TCGA-A8-A08T,Wild Type,,,,,,,,,,,,,,IV,T2N1M1,,,-,+,+,Lumi A,,64,93,STOP,,,,
23000897,TCGA-A8-A08Z,Wild Type,,,,,,,,,,,,,,IIIC,T4N3M0,,,-,+,+,Lumi A,,76,30,STOP,,,,
23000897,TCGA-A8-A091,Wild Type,,,,,,,,,,,,,,IIA,T2N0M0,,,-,+,-,Lumi A,,61,19.1,STOP,,,,
23000897,TCGA-A8-A093,Wild Type,,,,,,,,,,,,,,IIA,T2N0M0,,,-,+,+,Lumi A,,61,17.9,STOP,,,,
23000897,TCGA-A8-A099,Wild Type,,,,,,,,,,,,,,IIIC,T4N3M0,,,+,+,+,Lumi A,,76,10,STOP,,,,
23000897,TCGA-A8-A09A,Wild Type,,,,,,,,,,,,,,IIA,T2N0M0,,,-,+,+,Lumi A,,40,10,STOP,,,,
23000897,TCGA-A8-A09B,Wild Type,,,,,,,,,,,,,,IIIB,T4N1M0,,,-,+,+,Lumi A,,58,12,STOP,,,,
23000897,TCGA-A8-A09T,Wild Type,,,,,,,,,,,,,,I,T1N0M0,,,-,+,+,Lumi A,,68,19,STOP,,,,
23000897,TCGA-A8-A09V,Wild Type,,,,,,,,,,,,,,IIA,T2N0M0,,,-,+,+,Lumi A,,51,15,STOP,,,,
23000897,TCGA-A8-A0A1,Wild Type,,,,,,,,,,,,,,IIA,T2N0M0,,,-,+,+,Lumi A,,84,12,STOP,,,,
23000897,TCGA-A8-A0A2,Wild Type,,,,,,,,,,,,,,IIA,T2N0M0,,,-,+,+,Lumi A,,66,19,STOP,,,,
23000897,TCGA-A8-A0A4,Wild Type,,,,,,,,,,,,,,IIA,T2N0M0,,,-,+,+,Lumi A,,73,13,STOP,,,,
23000897,TCGA-A8-A0A6,Wild Type,,,,,,,,,,,,,,IIIC,T2N3M0,,,-,+,+,Lumi A,,64,21,STOP,,,,
23000897,TCGA-A8-A0AD,Wild Type,,,,,,,,,,,,,,I,T1N0M0,,,-,+,+,Lumi A,,83,38,STOP,,,,
23000897,TCGA-AN-A03X,Wild Type,,,,,,,,,,,,,,IIA,T2N0M0,,,-,+,+,Lumi A,,74,0.3,STOP,,,,
23000897,TCGA-AN-A046,Wild Type,,,,,,,,,,,,,,IIA,T2N0M0,,,-,+,+,Lumi A,,68,0.3,STOP,,,,
23000897,TCGA-AN-A04A,Wild Type,,,,,,,,,,,,,,IIIA,T2N2M0,,,-,+,+,Lumi A,,36,2.9,STOP,,,,
23000897,TCGA-AN-A0FD,Wild Type,,,,,,,,,,,,,,IIA,T2N0M0,,,+,+,+,Lumi A,,71,6.4,STOP,,,,
23000897,TCGA-AN-A0FN,Wild Type,,,,,,,,,,,,,,I,T1N0M0,,,-,+,+,Lumi A,,61,7.2,STOP,,,,
23000897,TCGA-AN-A0FS,Wild Type,,,,,,,,,,,,,,I,T1N0M0,,,-,+,-,Lumi A,,55,6.3,STOP,,,,
23000897,TCGA-AN-A0FZ,Wild Type,,,,,,,,,,,,,,IIIA,T2N2M0,,,?,+,-,Lumi A,,45,0.3,STOP,,,,
23000897,TCGA-AN-A0XL,Wild Type,,,,,,,,,,,,,,IIA,T2N0M0,,,-,+,+,Lumi A,,61,0.3,STOP,,,,
23000897,TCGA-AN-A0XO,Wild Type,,,,,,,,,,,,,,IIIA,T2N2M0,,,-,+,-,Lumi A,,59,12.3,STOP,,,,
23000897,TCGA-AN-A0XP,Wild Type,,,,,,,,,,,,,,IIIA,T2N2M0,,,-,+,+,Lumi A,,69,0.3,STOP,,,,
23000897,TCGA-AN-A0XS,Wild Type,,,,,,,,,,,,,,IIIA,T2N2M0,,,-,-,+,Lumi A,,63,0.01,STOP,,,,
23000897,TCGA-AN-A0XT,Wild Type,,,,,,,,,,,,,,IIIA,T2N2M0,,,-,+,-,Lumi A,,54,0.3,STOP,,,,
23000897,TCGA-AN-A0XV,Wild Type,,,,,,,,,,,,,,IIIA,T2N2M0,,,-,+,+,Lumi A,,67,5.3,STOP,,,,
23000897,TCGA-AR-A0TW,Wild Type,,,,,,,,,,,,,,IIIA,T3N1M0,,,-,+,+,Lumi A,,50,24.3,STOP,,,,
23000897,TCGA-AR-A1AK,Wild Type,,,,,,,,,,,,,,I,T1N0M0,,,-,+,+,Lumi A,,70,51.2,STOP,,,,
23000897,TCGA-AR-A1AL,Wild Type,,,,,,,,,,,,,,IIIA,T3N1M0,,,-,+,+,Lumi A,,60,48.8,STOP,,,,
23000897,TCGA-AR-A1AU,Wild Type,,,,,,,,,,,,,,IIIA,T2N2M0,,,-,+,+,Lumi A,,39,46.3,STOP,,,,
23000897,TCGA-AR-A1AX,Wild Type,,,,,,,,,,,,,,I,T1N0M0,,,+,+,+,Lumi A,,64,36.3,STOP,,,,
23000897,TCGA-BH-A0AZ,Wild Type,,,,,,,,,,,,,,IIIA,T3N1M0,,,-,+,+,Lumi A,,47,28.5,STOP,,,,
23000897,TCGA-BH-A0BM,Wild Type,,,,,,,,,,,,,,IIB,T2N1M0,,,-,+,-,Lumi A,,54,36.7,STOP,,,,
23000897,TCGA-BH-A0BO,Wild Type,,,,,,,,,,,,,,I,T1N0M0,,,-,+,+,Lumi A,,54,35.7,STOP,,,,
23000897,TCGA-BH-A0BQ,Wild Type,,,,,,,,,,,,,,I,T1N0M0,,,-,+,+,Lumi A,,39,27.2,STOP,,,,
23000897,TCGA-BH-A0BS,Wild Type,,,,,,,,,,,,,,IIIA,T3N1M0,,,-,+,+,Lumi A,,55,53.9,STOP,,,,
23000897,TCGA-BH-A0C1,Wild Type,,,,,,,,,,,,,,IIIA,T3N2M0,,,-,+,+,Lumi A,,61,44,STOP,,,,
23000897,TCGA-BH-A0DE,Wild Type,,,,,,,,,,,,,,IIA,T2N0M0,,,-,+,+,Lumi A,,62,31.2,STOP,,,,
23000897,TCGA-BH-A0DG,Wild Type,,,,,,,,,,,,,,IIA,T2N0M0,,,-,+,-,Lumi A,,30,23.4,STOP,,,,
23000897,TCGA-BH-A0DO,Wild Type,,,,,,,,,,,,,,I,T1N0M0,,,-,+,+,Lumi A,,78,17.3,STOP,,,,
23000897,TCGA-BH-A0DT,Wild Type,,,,,,,,,,,,,,I,T1N0M0,,,-,+,+,Lumi A,,41,38.5,STOP,,,,
23000897,TCGA-BH-A0DX,Wild Type,,,,,,,,,,,,,,I,T1N0M0,,,-,+,+,Lumi A,,62,47.4,STOP,,,,
23000897,TCGA-BH-A0E9,Wild Type,,,,,,,,,,,,,,IIB,T2N1M0,,,-,+,+,Lumi A,,53,46.2,STOP,,,,
23000897,TCGA-BH-A0EI,Wild Type,,,,,,,,,,,,,,IIA,T1N1M0,,,-,+,+,Lumi A,,51,24.4,STOP,,,,
23000897,TCGA-BH-A0H3,Wild Type,,,,,,,,,,,,,,I,T1N0M0,,,-,+,+,Lumi A,,46,37.8,STOP,,,,
23000897,TCGA-BH-A0H5,Wild Type,,,,,,,,,,,,,,I,T1N0M0,,,-,+,+,Lumi A,,45,35.5,STOP,,,,
23000897,TCGA-BH-A0HA,Wild Type,,,,,,,,,,,,,,I,T1N0M0,,,-,+,+,Lumi A,,31,28.1,STOP,,,,
23000897,TCGA-BH-A0W4,Wild Type,,,,,,,,,,,,,,IIA,T2N0M0,,,-,+,+,Lumi A,,46,5.8,STOP,,,,
23000897,TCGA-BH-A0W5,Wild Type,,,,,,,,,,,,,,IIA,T1N1M0,,,-,+,+,Lumi A,,77,17.9,STOP,,,,
23000897,TCGA-BH-A0W7,Wild Type,,,,,,,,,,,,,,I,T1N0M0,,,-,+,+,Lumi A,,49,18.3,STOP,,,,
23000897,TCGA-BH-A18I,Wild Type,,,,,,,,,,,,,,IIA,T1N1M0,,,-,+,+,Lumi A,,53,7.2,STOP,,,,
23000897,TCGA-C8-A12N,Wild Type,,,,,,,,,,,,,,IIA,T2N0M0,,,-,+,+,Lumi A,,58,0,STOP,,,,
23000897,TCGA-C8-A12Y,Wild Type,,,,,,,,,,,,,,IIB,T2N1M0,,,-,,,Lumi A,,44,0,STOP,,,,
23000897,TCGA-C8-A132,Wild Type,,,,,,,,,,,,,,IIB,T2N1M0,,,+,+,+,Lumi A,,56,0,STOP,,,,
23000897,TCGA-C8-A133,Wild Type,,,,,,,,,,,,,,IIIA,T3N1M0,,,-,+,+,Lumi A,,65,0,STOP,,,,
23000897,TCGA-C8-A1HI,Wild Type,,,,,,,,,,,,,,IIIA,T2N2M0,,,-,+,+,Lumi A,,40,2,STOP,,,,
23000897,TCGA-D8-A141,Wild Type,,,,,,,,,,,,,,IIA,T1N1M0,,,-,+,+,Lumi A,,40,3.7,STOP,,,,
23000897,TCGA-E2-A14Q,Wild Type,,,,,,,,,,,,,,IIB,T2N1M0,,,-,+,+,Lumi A,,50,32,STOP,,,,
23000897,TCGA-E2-A14T,Wild Type,,,,,,,,,,,,,,IIA,T2N0M0,,,-,+,+,Lumi A,,52,29.3,STOP,,,,
23000897,TCGA-E2-A153,Wild Type,,,,,,,,,,,,,,IIA,T1N1M0,,,-,+,+,Lumi A,,51,19.3,STOP,,,,
23000897,TCGA-E2-A154,Wild Type,,,,,,,,,,,,,,I,T1N0M0,,,-,+,+,Lumi A,,68,10.7,STOP,,,,
23000897,TCGA-E2-A156,Wild Type,,,,,,,,,,,,,,I,T1N0M0,,,-,+,+,Lumi A,,61,15.8,STOP,,,,
23000897,TCGA-E2-A15C,Wild Type,,,,,,,,,,,,,,I,T1N0M0,,,-,+,+,Lumi A,,61,16.3,STOP,,,,
23000897,TCGA-E2-A15D,Wild Type,,,,,,,,,,,,,,IIA,T2N0M0,,,-,+,+,Lumi A,,47,10.4,STOP,,,,
23000897,TCGA-E2-A15F,Wild Type,,,,,,,,,,,,,,IIA,T2N0M0,,,-,+,+,Lumi A,,64,15.4,STOP,,,,
23000897,TCGA-E2-A15G,Wild Type,,,,,,,,,,,,,,IIA,T2N0M0,,,-,+,+,Lumi A,,76,10.4,STOP,,,,
23000897,TCGA-E2-A15H,Wild Type,,,,,,,,,,,,,,IIA,T1N1M0,,,+,+,+,Lumi A,,38,1.4,STOP,,,,
23000897,TCGA-E2-A15I,Wild Type,,,,,,,,,,,,,,IIA,T2N0M0,,,-,+,+,Lumi A,,44,13.5,STOP,,,,
23000897,TCGA-E2-A15J,Wild Type,,,,,,,,,,,,,,I,T1N0M0,,,-,+,+,Lumi A,,51,15.2,STOP,,,,
23000897,TCGA-E2-A15O,Wild Type,,,,,,,,,,,,,,IIA,T2N0M0,,,-,+,+,Lumi A,,89,13,STOP,,,,
23000897,TCGA-E2-A15P,Wild Type,,,,,,,,,,,,,,I,T1N0M0,,,-,+,+,Lumi A,,61,10.4,STOP,,,,
23000897,TCGA-E2-A15R,Wild Type,,,,,,,,,,,,,,IIA,T1N1M0,,,-,+,+,Lumi A,,64,10.9,STOP,,,,
23000897,TCGA-E2-A1B1,Wild Type,,,,,,,,,,,,,,IIB,T2N1M0,,,+,+,+,Lumi A,,45,44.8,STOP,,,,
23000897,TCGA-E2-A1B4,Wild Type,,,,,,,,,,,,,,IIIA,T1N2M0,,,-,+,+,Lumi A,,74,30,STOP,,,,
23000897,TCGA-E2-A1BC,Wild Type,,,,,,,,,,,,,,I,T1N0M0,,,-,+,+,Lumi A,,63,9.8,STOP,,,,
23000897,TCGA-E2-A1BD,Wild Type,,,,,,,,,,,,,,IIA,T2N0M0,,,-,+,+,Lumi A,,53,10.4,STOP,,,,
23000897,TCGA-B6-A0WW,Wild Type,,,,,,,,,,,,,,,T2N1,,,-,+,+,Lumi B,,58,18.3,EVENT,,,,
23000897,TCGA-BH-A18J,Wild Type,,,,,,,,,,,,,,IV,T4N2M1,,,-,+,+,Lumi B,,56,20.1,EVENT,,,,
23000897,TCGA-BH-A18L,Wild Type,,,,,,,,,,,,,,IIIA,T3N1M0,,,,+,+,Lumi B,,50,26.7,EVENT,,,,
23000897,TCGA-A8-A06X,Wild Type,,,,,,,,,,,,,,IIB,T3N0M0,,,+,+,-,Lumi B,,77,31,EVENT,,,,
23000897,TCGA-B6-A0IC,Wild Type,,,,,,,,,,,,,,,T2N0,,,-,+,+,Lumi B,,90,50.7,EVENT,,,,
23000897,TCGA-BH-A1EW,Wild Type,,,,,,,,,,,,,,IIB,T2N1M0,,,-,-,-,Lumi B,,38,55.7,EVENT,,,,
23000897,TCGA-AR-A0TY,Wild Type,,,,,,,,,,,,,,IIA,T2N0M0,,,-,+,-,Lumi B,,54,55.9,EVENT,,,,
23000897,TCGA-B6-A0X5,Wild Type,,,,,,,,,,,,,,IIB,T2N1M0,,,-,+,+,Lumi B,,61,69,EVENT,,,,
23000897,TCGA-B6-A0WV,Wild Type,,,,,,,,,,,,,,IIB,T2N1M0,,,-,+,+,Lumi B,,67,79.6,EVENT,,,,
23000897,TCGA-B6-A0RL,Wild Type,,,,,,,,,,,,,,IIA,T2N0M0,,,-,+,+,Lumi B,,60,81.2,EVENT,,,,
23000897,TCGA-B6-A0IB,Wild Type,,,,,,,,,,,,,,IV,T3N3M1,,,-,+,+,Lumi B,,64,129.6,EVENT,,,,
23000897,TCGA-AO-A0J7,Wild Type,,,,,,,,,,,,,,IIB,T2N1M0,,,-,+,+,Lumi B,,71,8.5,STOP,,,,
23000897,TCGA-AO-A0J3,Wild Type,,,,,,,,,,,,,,IIB,T2N1M0,,,-,+,+,Lumi B,,67,9.9,STOP,,,,
23000897,TCGA-A7-A13F,Wild Type,,,,,,,,,,,,,,IIIA,T3N1M0,,,-,+,+,Lumi B,,44,12.7,STOP,,,,
23000897,TCGA-BH-A0HU,Wild Type,,,,,,,,,,,,,,I,T1N0M0,,,-,+,+,Lumi B,,52,12.9,STOP,,,,
23000897,TCGA-D8-A140,Wild Type,,,,,,,,,,,,,,IIB,T2N1M0,,,+,+,+,Lumi B,,62,13.3,STOP,,,,
23000897,TCGA-AQ-A04H,Wild Type,,,,,,,,,,,,,,,T2N2,,,+,+,+,Lumi B,,61,14.4,STOP,,,,
23000897,TCGA-BH-A0H0,Wild Type,,,,,,,,,,,,,,I,T1N0M0,,,-,+,+,Lumi B,,69,15.2,STOP,,,,
23000897,TCGA-BH-A0BD,Wild Type,,,,,,,,,,,,,,IIA,T1N1M0,,,-,+,+,Lumi B,,47,18.2,STOP,,,,
23000897,TCGA-A2-A0T4,Wild Type,,,,,,,,,,,,,,IIA,T2N0M0,,,-,+,+,Lumi B,,62,20.5,STOP,,,,
23000897,TCGA-A2-A0D4,Wild Type,,,,,,,,,,,,,,IIB,T2N1M0,,,-,+,+,Lumi B,,37,25.2,STOP,,,,
23000897,TCGA-BH-A0AY,Wild Type,,,,,,,,,,,,,,IIA,T2N0M0,,,-,+,+,Lumi B,,62,25.6,STOP,,,,
23000897,TCGA-E2-A107,Wild Type,,,,,,,,,,,,,,IIIA,T3N2M0,,,-,+,-,Lumi B,,54,34.4,STOP,,,,
23000897,TCGA-AO-A0JI,Wild Type,,,,,,,,,,,,,,IIA,T1N1M0,,,-,+,-,Lumi B,,56,38.5,STOP,,,,
23000897,TCGA-E2-A10C,Wild Type,,,,,,,,,,,,,,IIB,T2N1M0,,,-,+,+,Lumi B,,54,40.1,STOP,,,,
23000897,TCGA-E2-A10A,Wild Type,,,,,,,,,,,,,,IIB,T3N0M0,,,-,+,+,Lumi B,,41,40.4,STOP,,,,
23000897,TCGA-AO-A0JC,Wild Type,,,,,,,,,,,,,,IIA,T2N0M0,,,-,+,+,Lumi B,,64,50.9,STOP,,,,
23000897,TCGA-AO-A0JM,Wild Type,,,,,,,,,,,,,,IIB,T2N1M0,,,+,+,+,Lumi B,,40,60,STOP,,,,
23000897,TCGA-A2-A0ER,Wild Type,,,,,,,,,,,,,,IIA,T1N1M0,,,-,+,+,Lumi B,,63,74.4,STOP,,,,
23000897,TCGA-A2-A0CT,Wild Type,,,,,,,,,,,,,,IIA,T2N0M0,,,-,+,-,Lumi B,,71,75.2,STOP,,,,
23000897,TCGA-AO-A12B,Wild Type,,,,,,,,,,,,,,IIA,T2N0M0,,,-,+,+,Lumi B,,63,77.6,STOP,,,,
23000897,TCGA-A2-A04R,Wild Type,,,,,,,,,,,,,,I,T1N0M0,,,-,+,+,Lumi B,,36,82.2,STOP,,,,
23000897,TCGA-B6-A0IM,Wild Type,,,,,,,,,,,,,,IIB,T3N0M0,,,-,+,+,Lumi B,,75,126.1,STOP,,,,
23000897,TCGA-AO-A03P,Wild Type,,,,,,,,,,,,,,IIB,T2N1M0,,,-,+,+,Lumi B,,54,84.7,STOP,,,,
23000897,TCGA-A1-A0SM,Wild Type,,,,,,,,,,,,,,IIA,T2N0M0,,,+,+,-,Lumi B,,77,8,STOP,,,,
23000897,TCGA-A8-A06N,Wild Type,,,,,,,,,,,,,,IIIB,T4N0M0,,,-,+,-,Lumi B,,66,0,STOP,,,,
23000897,TCGA-A8-A06O,Wild Type,,,,,,,,,,,,,,I,T1N0M0,,,-,+,+,Lumi B,,60,13,STOP,,,,
23000897,TCGA-A8-A06R,Wild Type,,,,,,,,,,,,,,IIB,T2N1M0,,,?,+,-,Lumi B,,69,18,STOP,,,,
23000897,TCGA-A8-A06Z,Wild Type,,,,,,,,,,,,,,IIB,T3N0M0,,,-,+,+,Lumi B,,84,1,STOP,,,,
23000897,TCGA-A8-A07L,Wild Type,,,,,,,,,,,,,,IIIA,T3N1M0,,,-,+,+,Lumi B,,58,17,STOP,,,,
23000897,TCGA-A8-A07S,Wild Type,,,,,,,,,,,,,,IIA,T2N0M0,,,-,+,-,Lumi B,,73,8,STOP,,,,
23000897,TCGA-A8-A07Z,Wild Type,,,,,,,,,,,,,,IIA,T2N0M0,,,-,+,+,Lumi B,,85,28,STOP,,,,
23000897,TCGA-A8-A082,Wild Type,,,,,,,,,,,,,,IIB,T2N1M0,,,-,+,+,Lumi B,,58,18.1,STOP,,,,
23000897,TCGA-A8-A085,Wild Type,,,,,,,,,,,,,,IIB,T2N1M0,,,-,+,+,Lumi B,,44,37,STOP,,,,
23000897,TCGA-A8-A08F,Wild Type,,,,,,,,,,,,,,IIIC,T2N3M0,,,-,+,+,Lumi B,,59,18.1,STOP,,,,
23000897,TCGA-A8-A08G,Wild Type,,,,,,,,,,,,,,IIA,T2N0M0,,,+,+,+,Lumi B,,41,19.9,STOP,,,,
23000897,TCGA-A8-A095,Wild Type,,,,,,,,,,,,,,I,T1N0M0,,,-,+,+,Lumi B,,45,42,STOP,,,,
23000897,TCGA-A8-A096,Wild Type,,,,,,,,,,,,,,IIA,T2N0M0,,,-,+,+,Lumi B,,73,0,STOP,,,,
23000897,TCGA-A8-A09C,Wild Type,,,,,,,,,,,,,,IIA,T2N0M0,,,-,+,+,Lumi B,,69,1,STOP,,,,
23000897,TCGA-A8-A09D,Wild Type,,,,,,,,,,,,,,IIB,T2N1M0,,,-,+,+,Lumi B,,47,13,STOP,,,,
23000897,TCGA-A8-A09I,Wild Type,,,,,,,,,,,,,,IIA,T2N0M0,,,+,+,+,Lumi B,,84,33.1,STOP,,,,
23000897,TCGA-A8-A09M,Wild Type,,,,,,,,,,,,,,IIIC,T2N3M0,,,-,+,+,Lumi B,,75,15,STOP,,,,
23000897,TCGA-A8-A09R,Wild Type,,,,,,,,,,,,,,IIB,T2N1M0,,,-,+,+,Lumi B,,82,9,STOP,,,,
23000897,TCGA-A8-A09W,Wild Type,,,,,,,,,,,,,,IIIC,T2N3M0,,,-,+,+,Lumi B,,70,1,STOP,,,,
23000897,TCGA-A8-A09Z,Wild Type,,,,,,,,,,,,,,IIB,T3N0M0,,,-,+,-,Lumi B,,83,0,STOP,,,,
23000897,TCGA-A8-A0A9,Wild Type,,,,,,,,,,,,,,IIA,T2N0M0,,,-,+,+,Lumi B,,80,13,STOP,,,,
23000897,TCGA-A8-A0AB,Wild Type,,,,,,,,,,,,,,IIA,T2N0M0,,,-,+,+,Lumi B,,54,17,STOP,,,,
23000897,TCGA-AN-A03Y,Wild Type,,,,,,,,,,,,,,IIA,T2N0M0,,,-,+,+,Lumi B,,66,0.3,STOP,,,,
23000897,TCGA-AN-A041,Wild Type,,,,,,,,,,,,,,IIB,T2N1M0,,,?,+,-,Lumi B,,29,0.2,STOP,,,,
23000897,TCGA-AN-A049,Wild Type,,,,,,,,,,,,,,IIA,T2N0M0,,,-,+,+,Lumi B,,62,0.6,STOP,,,,
23000897,TCGA-AN-A0AK,Wild Type,,,,,,,,,,,,,,IIA,T2N0M0,,,-,+,-,Lumi B,,76,7.3,STOP,,,,
23000897,TCGA-AN-A0AM,Wild Type,,,,,,,,,,,,,,IIA,T2N0M0,,,-,+,-,Lumi B,,56,0.2,STOP,,,,
23000897,TCGA-AN-A0FF,Wild Type,,,,,,,,,,,,,,I,T1N0M0,,,-,+,+,Lumi B,,32,4.6,STOP,,,,
23000897,TCGA-AN-A0FK,Wild Type,,,,,,,,,,,,,,IIIB,T4N0M0,,,-,+,+,Lumi B,,88,7,STOP,,,,
23000897,TCGA-AN-A0XR,Wild Type,,,,,,,,,,,,,,IIIA,T2N2M0,,,-,+,-,Lumi B,,55,0.3,STOP,,,,
23000897,TCGA-AN-A0XW,Wild Type,,,,,,,,,,,,,,IIIA,T2N2M0,,,-,+,+,Lumi B,,36,5.6,STOP,,,,
23000897,TCGA-AR-A0TQ,Wild Type,,,,,,,,,,,,,,IIIA,T3N1M0,,,+,+,-,Lumi B,,27,49.3,STOP,,,,
23000897,TCGA-AR-A0TT,Wild Type,,,,,,,,,,,,,,IIIA,T2N2M0,,,-,+,-,Lumi B,,53,55.2,STOP,,,,
23000897,TCGA-AR-A0TZ,Wild Type,,,,,,,,,,,,,,IIIA,T2N2M0,,,-,+,+,Lumi B,,43,43.1,STOP,,,,
23000897,TCGA-AR-A1AV,Wild Type,,,,,,,,,,,,,,IIB,T2N1M0,,,-,+,+,Lumi B,,68,42.6,STOP,,,,
23000897,TCGA-BH-A0AU,Wild Type,,,,,,,,,,,,,,IIA,T2N0M0,,,-,+,+,Lumi B,,45,24.5,STOP,,,,
23000897,TCGA-BH-A0B5,Wild Type,,,,,,,,,,,,,,IIIA,T2N2M0,,,-,+,+,Lumi B,,40,48.4,STOP,,,,
23000897,TCGA-BH-A0BZ,Wild Type,,,,,,,,,,,,,,IIIA,T3N1M0,,,-,+,+,Lumi B,,59,49.1,STOP,,,,
23000897,TCGA-BH-A0C7,Wild Type,,,,,,,,,,,,,,IIB,T2N1M0,,,+,+,-,Lumi B,,48,42.9,STOP,,,,
23000897,TCGA-BH-A0DD,Wild Type,,,,,,,,,,,,,,IIB,T2N1M0,,,+,+,+,Lumi B,,58,45.8,STOP,,,,
23000897,TCGA-BH-A0W3,Wild Type,,,,,,,,,,,,,,IIA,T1N1M0,,,-,+,+,Lumi B,,58,5.9,STOP,,,,
23000897,TCGA-BH-A18F,Wild Type,,,,,,,,,,,,,,IIA,T2N0M0,,,-,+,+,Lumi B,,50,8.8,STOP,,,,
23000897,TCGA-C8-A12M,Wild Type,,,,,,,,,,,,,,IIA,T2N0M0,,,,+,-,Lumi B,,70,0,STOP,,,,
23000897,TCGA-C8-A12U,Wild Type,,,,,,,,,,,,,,IIB,T2N1M0,,,-,+,+,Lumi B,,46,0,STOP,,,,
23000897,TCGA-C8-A12X,Wild Type,,,,,,,,,,,,,,IIB,T2N1M0,,,-,+,+,Lumi B,,62,0,STOP,,,,
23000897,TCGA-C8-A1HL,Wild Type,,,,,,,,,,,,,,IIIA,T3N1M0,,,+,+,-,Lumi B,,38,0.1,STOP,,,,
23000897,TCGA-C8-A1HN,Wild Type,,,,,,,,,,,,,,IIA,T2N0M0,,,?,+,+,Lumi B,,56,0.1,STOP,,,,
23000897,TCGA-E2-A14O,Wild Type,,,,,,,,,,,,,,IIIA,T3N1M0,,,-,+,+,Lumi B,,76,38.5,STOP,,,,
23000897,TCGA-E2-A14S,Wild Type,,,,,,,,,,,,,,I,T1N0M0,,,-,+,+,Lumi B,,65,27.4,STOP,,,,
23000897,TCGA-E2-A14W,Wild Type,,,,,,,,,,,,,,IIA,T2N0M0,,,+,+,+,Lumi B,,78,27.4,STOP,,,,
23000897,TCGA-E2-A15A,Wild Type,,,,,,,,,,,,,,IIIC,T2N3M0,,,-,+,+,Lumi B,,45,16.5,STOP,,,,
23000897,TCGA-E2-A15K,Wild Type,,,,,,,,,,,,,,IIB,T2N1M0,,,-,+,+,Lumi B,,58,1.1,STOP,,,,
23000897,TCGA-E2-A15L,Wild Type,,,,,,,,,,,,,,IIA,T2N0M0,,,-,+,+,Lumi B,,65,10.9,STOP,,,,
23000897,TCGA-E2-A15S,Wild Type,,,,,,,,,,,,,,IIB,T2N1M0,,,-,+,-,Lumi B,,34,9,STOP,,,,
23000897,TCGA-AO-A03U,Wild Type,,,,,,,,,,,,,,I,T1N0M0,,,-,-,-,Normal-like,,31,59,STOP,,,,
23000897,TCGA-A2-A0YK,Wild Type,,,,,,,,,,,,,,IIA,T2N0M0,,,-,+,-,Normal-like,,61,19.3,STOP,,,,
23000897,TCGA-AO-A03T,Wild Type,,,,,,,,,,,,,,IIB,T2N1M0,,,-,+,+,Normal-like,,42,39,STOP,,,,
23000897,TCGA-AR-A1AO,Wild Type,,,,,,,,,,,,,,IIA,T1N1M0,,,-,+,-,Normal-like,,47,43.5,STOP,,,,
